"run.profile","parameter","median","lower","upper","Rhat","ESS"
"main","d13CO2_sigma",0.0999634541397721,0.0998085215742967,0.0999986631868485,0.999934412719083,24322.9721559072
"main","GMST_sigma",0.499621887750939,0.497962115637835,0.499986807457703,0.999933337141953,24000
"main","BWT_sigma",0.486245344909689,0.440265913809894,0.499467108487832,1.00006610975424,14305.3245446832
"main","cc_co2_constant1",12.0619504655474,11.8274413880237,12.2246389961569,1.00000814334029,24000
"main","cc_co2_coeff1",0.139993149015658,0.139963885443558,0.139999749809438,0.999950226830429,24000
"main","asd",1.01372615893245,0.619978746044363,1.40935669261035,1.00000862015301,23974.8413202769
"main","bpump",2.16912429918289,1.58632947267532,2.74962223040425,1.00042221906864,20670.7526049925
"main","remin",1.1524893410121,0.630185603752012,1.65835571877828,1.0001280133427,23183.1176795448
"main","f_co3",0.0029816154790234,0.000104393340018871,0.0145563977488694,1.00532179660543,514.238673625152
"main","f_carbacid",0.00476200699475284,0.000277351191568743,0.0132621431086798,1.00365672668263,927.780329332953
"main","Abf",4.33313653035671,3.67476254889241,4.99795536531466,1.00025100793528,16541.5742083921
"main","Asurf",1.01372615893245,0.619978746044363,1.40935669261035,1.00000862015301,23974.8413202769
"main","d13CO2_level",-6.77997860260107,-7.62937276850902,-5.88106922432475,1.42741115325046,137.103470616343
"main","bf.nsb_mean",0.382826066409951,-0.0657532749290285,0.829286429646198,1.00009442365984,23561.6512551335
"main","pf.nsb_mean",-0.573627704302099,-0.885541948696872,-0.268464283696224,1.00003371174238,20280.7882938319
"main","brach.nsb_mean",0.297242265195804,-0.0132761039883886,0.60060108569641,0.999997972214061,20140.9569842553
"main","bivalve.nsb_mean",-0.555855240551234,-0.865950448997235,-0.250587250927401,0.999993744409811,20084.0179555659
"main","amm.nsb_mean",1.83871030140127,1.52072780693733,2.1526034807782,1.00001416252083,19878.6749843185
"main","bel.nsb_mean",1.87856712259316,1.56692239222155,2.18435676792686,0.999996889808315,20090.5641677503
"main","micrite.nsb_mean",-0.3539530000851,-0.707590760721313,-0.00423153564078687,1.00028501764635,16248.9337340188
"main","bulk.nsb_mean",0.588296107287127,0.277289398929935,0.89122524433116,1.0000030990566,20135.197974897
"main","bulk_sr.nsb_mean",1.57344982311087,1.13673355080219,1.99788529481242,1.00006930515384,17101.5100819466
"main","bulk_marg.nsb_mean",0.929077357794038,0.61743234077782,1.23445610985296,0.999996210227751,20104.2476506329
"main","bf.nsb_tau",994390.314944678,937586.126491535,1061487.79521857,1.02199944324173,72.311324650136
"main","pf.nsb_tau",995292.587804779,937172.276271237,1065876.05630361,1.25480908625196,109.227656191272
"main","brach.nsb_tau",994891.957416312,940043.802782692,1055023.08550649,1.13104936665267,100.617946480821
"main","bivalve.nsb_tau",1000273.53478616,940047.702651424,1055697.86093851,1.03925529139057,293.064950908058
"main","amm.nsb_tau",998815.081635186,936388.669465679,1059400.64561597,1.07900591490532,131.45866618266
"main","bel.nsb_tau",995760.405913294,936741.290916505,1066908.44635737,1.04308244099848,139.27415916332
"main","micrite.nsb_tau",1001554.65233497,940680.839152979,1061325.68198969,1.03375832417432,105.848053039346
"main","bulk.nsb_tau",996222.918696045,941502.306956005,1058704.37527366,1.0384597444675,81.3678292993443
"main","bulk_sr.nsb_tau",999375.449003343,926763.163870707,1061338.67319187,1.10572649499633,153.525572375188
"main","bulk_marg.nsb_tau",997604.329944279,938244.930463344,1057571.28928767,1.01166586195229,234.562838911751
"main","bf.archive_level",-11.5023546212548,-12.1653421116645,-10.6844369990523,1.9618824276414,31.9262841750002
"main","pf.archive_level",4.82527973570197,4.19310444867667,5.63107023836597,2.03896463302815,18.278671510442
"main","brach.archive_level",3.95518391599459,3.32350118094055,4.75852212446168,2.04393529248668,22.5719105433497
"main","bivalve.archive_level",4.80850171703771,4.17443668954574,5.60827028572602,2.03886518619472,22.3072683700234
"main","amm.archive_level",2.41521209949745,1.77955420207465,3.20682715482684,2.01262555495218,24.4852234562135
"main","bel.archive_level",2.37301837431245,1.74291767154735,3.17321288055148,2.03653847192815,23.4014118686864
"main","micrite.archive_level",4.60833948007423,3.91546879356761,5.42031179611938,1.69753632357822,65.8819834588819
"main","bulk.archive_level",3.6634206493903,3.03176481838885,4.46453092301942,2.04356856349902,21.0423347101519
"main","bulk_sr.archive_level",2.68573009580047,1.96902588119365,3.47640713805108,1.69224798276014,58.1562163906218
"main","bulk_marg.archive_level",3.3228174739051,2.69121423615693,4.12232823315613,2.03698570564657,23.5243535958775
"gmst_scotese","d13CO2_sigma",0.0999623637994115,0.099801198636693,0.0999986426957873,1.00008038728075,24332.8459047076
"gmst_scotese","GMST_sigma",0.499630166216587,0.498041512784876,0.499985781628226,1.00000620588864,23183.4880837136
"gmst_scotese","BWT_sigma",0.475764240193651,0.407627720513403,0.498941305663639,1.00030794062203,5757.05562747813
"gmst_scotese","cc_co2_constant1",12.0317576514629,11.8012622638888,12.2164429170625,1.00004858313046,24072.3009747639
"gmst_scotese","cc_co2_coeff1",0.139993274867124,0.13996414811435,0.139999756228561,1.00007558129499,24000
"gmst_scotese","asd",1.01388496717256,0.62178405049267,1.40665588196765,1.0000235106403,24000
"gmst_scotese","bpump",1.83996071501318,1.25915012639798,2.41744257396228,1.00108286129685,12112.6453501602
"gmst_scotese","remin",0.960393783014181,0.448582614341289,1.47085562061606,1.00051417038548,21856.5222015317
"gmst_scotese","f_co3",0.00326935346977189,0.000124818703574296,0.0173984150068393,1.00529613189208,382.903489619585
"gmst_scotese","f_carbacid",0.00545624314301896,0.000339435293496083,0.0139414805962476,1.00357739658455,883.512983062257
"gmst_scotese","Abf",3.81032843189312,3.14938733298487,4.49356382233571,1.00182296261154,7707.50973791873
"gmst_scotese","Asurf",1.01388496717256,0.62178405049267,1.40665588196765,1.0000235106403,24000
"gmst_scotese","d13CO2_level",-7.64925580116682,-8.46788782063154,-6.71622210717261,1.50341721217273,417.236030834204
"gmst_scotese","bf.nsb_mean",0.247745118611323,-0.195170653324263,0.695665017178075,1.00008382909347,22816.46830361
"gmst_scotese","pf.nsb_mean",-0.506303052842978,-0.815063555218831,-0.196355195507623,1.00032008194551,19460.8294804685
"gmst_scotese","brach.nsb_mean",0.352908540874186,0.0438134209419152,0.663578167770107,1.00020883943142,18888.5318863925
"gmst_scotese","bivalve.nsb_mean",-0.49934348090078,-0.808861774942224,-0.18793797472924,1.00019958875605,19501.0264368456
"gmst_scotese","amm.nsb_mean",1.89632318946772,1.58075617234485,2.21570545401395,1.00018259983435,19721.0426669323
"gmst_scotese","bel.nsb_mean",1.93577418631765,1.62542172383843,2.24547680800893,1.00022014119319,19442.7877187117
"gmst_scotese","micrite.nsb_mean",-0.318527539902971,-0.666893449725567,0.0332091323458682,1.00012530738239,15481.6590388657
"gmst_scotese","bulk.nsb_mean",0.645466221566269,0.337352429913142,0.957270642185868,1.00019683322429,19296.7401402402
"gmst_scotese","bulk_sr.nsb_mean",1.62912761988355,1.20332285266788,2.05267339117827,1.00003619990638,17486.4004465893
"gmst_scotese","bulk_marg.nsb_mean",0.984892584736152,0.675823862387501,1.29722318050977,1.0002660112284,19005.9263644127
"gmst_scotese","bf.nsb_tau",995752.919622593,936740.326611989,1056176.15510547,1.02915908308382,127.568293601419
"gmst_scotese","pf.nsb_tau",993196.962812834,936109.277826183,1054981.52577308,1.16505182582657,69.988350731475
"gmst_scotese","brach.nsb_tau",1000350.4160421,938241.960869682,1067266.37896441,1.10006639703441,219.495329840484
"gmst_scotese","bivalve.nsb_tau",995185.15267026,934262.025585708,1055135.5791377,1.08615333564092,82.3625053590347
"gmst_scotese","amm.nsb_tau",1004259.24209821,946377.313243414,1061118.34310851,1.05200783455607,186.564367465128
"gmst_scotese","bel.nsb_tau",998947.215763517,931763.805667204,1070037.27187781,1.03446551921761,137.945793490602
"gmst_scotese","micrite.nsb_tau",998435.0403404,946208.315229098,1055993.0442332,1.03789318535896,134.600336944319
"gmst_scotese","bulk.nsb_tau",1000855.26970402,942925.766519673,1058914.53552221,1.08653770134753,78.5206355925288
"gmst_scotese","bulk_sr.nsb_tau",1000133.97486249,937441.887390553,1056551.8695662,1.07367666811461,162.455434447194
"gmst_scotese","bulk_marg.nsb_tau",999175.145391327,939340.758340547,1059732.84351985,1.00747438236273,446.667312679366
"gmst_scotese","bf.archive_level",-11.759189535399,-12.2883228923296,-10.9748141339248,2.12057338469863,35.9278421059663
"gmst_scotese","pf.archive_level",3.80665060072527,3.23547257709755,4.58776369336679,2.15919015877333,28.7696355097434
"gmst_scotese","brach.archive_level",2.94813880547265,2.36584858769623,3.72079207117657,2.16120159741076,31.8049894792275
"gmst_scotese","bivalve.archive_level",3.79950048212023,3.21606896498898,4.57486815997731,2.1565212181995,30.8249962775765
"gmst_scotese","amm.archive_level",1.40428961181279,0.82585233931335,2.18635580367398,2.12126009769472,30.0127663775833
"gmst_scotese","bel.archive_level",1.36479930739762,0.780256037106616,2.1395490037894,2.15493916986395,31.1312791597834
"gmst_scotese","micrite.archive_level",3.64509763014123,2.98368286810038,4.47657562992911,1.79239743600805,107.405617686088
"gmst_scotese","bulk.archive_level",2.65618755177169,2.07371464020029,3.42952038100281,2.16138609053464,32.4377608988958
"gmst_scotese","bulk_sr.archive_level",1.70005455004004,1.04400680635218,2.53781719876884,1.78990316899633,97.4332356987892
"gmst_scotese","bulk_marg.archive_level",2.31668245572311,1.73507952742697,3.08984935947032,2.15380085791847,30.7925364249482
"plate_torsvik2017","d13CO2_sigma",0.0999609042252403,0.0997898239451658,0.0999985207984448,1.00004795789872,24287.666936858
"plate_torsvik2017","GMST_sigma",0.49960046649398,0.497941464704445,0.49998574553536,0.999950033370083,24000
"plate_torsvik2017","BWT_sigma",0.48943322200929,0.451233280124585,0.499621105261284,1.00024736708154,14727.6118571877
"plate_torsvik2017","cc_co2_constant1",12.0670640320765,11.8346857648307,12.2254182523477,1.00005621378909,23618.5760786959
"plate_torsvik2017","cc_co2_coeff1",0.139993455450528,0.139964733679888,0.139999753043517,1.00012777116864,24403.6890042791
"plate_torsvik2017","asd",1.01857081766069,0.625120045643987,1.40401474971557,1.00008805889927,23525.7697032447
"plate_torsvik2017","bpump",2.27691629341647,1.69574835068034,2.85383259669773,1.0000906056883,18162.6408441286
"plate_torsvik2017","remin",1.2042034093579,0.700237290977794,1.71324240232432,1.00004142236448,23485.1956363033
"plate_torsvik2017","f_co3",0.00271836515882263,0.000103804087588493,0.015649543703344,1.00420690379294,332.875571270973
"plate_torsvik2017","f_carbacid",0.00467529782783537,0.000266402467662486,0.0130794105604873,1.00280993174334,1045.06199112393
"plate_torsvik2017","Abf",4.4987034507319,3.83105160273302,5.16872968458421,1.00030113581357,14939.7461937361
"plate_torsvik2017","Asurf",1.01857081766069,0.625120045643987,1.40401474971557,1.00008805889927,23525.7697032447
"plate_torsvik2017","d13CO2_level",-7.28336747636112,-8.17901741514108,-6.47343381626523,1.39540453748137,104.626205574072
"plate_torsvik2017","bf.nsb_mean",0.417583390916662,-0.0254730596291823,0.861056769117208,0.999983618346968,24591.2167528289
"plate_torsvik2017","pf.nsb_mean",-0.329927760173,-0.637286047461121,-0.0201610796669716,1.0002291547549,19122.1658176723
"plate_torsvik2017","brach.nsb_mean",0.0251428075640883,-0.281947129270943,0.33757221052396,0.999992675712477,19791.7745195654
"plate_torsvik2017","bivalve.nsb_mean",-0.882802247017676,-1.18998105608024,-0.569282958726739,0.999997457216293,19846.221612169
"plate_torsvik2017","amm.nsb_mean",1.49864847620363,1.18776956822195,1.81860671486164,1.00004140819469,20335.6092121662
"plate_torsvik2017","bel.nsb_mean",1.51955485504182,1.21174712758434,1.8329368479948,1.00000653498744,19674.8200852385
"plate_torsvik2017","micrite.nsb_mean",-0.439284940045403,-0.786935917210282,-0.0942313978375153,1.00008658267838,15435.4157594642
"plate_torsvik2017","bulk.nsb_mean",0.311780704977072,0.00563586160530763,0.62444092546846,1.00000939585643,19751.5054505669
"plate_torsvik2017","bulk_sr.nsb_mean",1.48394408795256,1.05339472148226,1.91343164111023,1.00012199234608,17433.6345081337
"plate_torsvik2017","bulk_marg.nsb_mean",0.615112626393163,0.30559007940148,0.928212113072053,0.999976344379343,19706.8692169726
"plate_torsvik2017","bf.nsb_tau",1001078.43078672,949457.909151108,1066654.56497128,1.05295770700324,114.598559595047
"plate_torsvik2017","pf.nsb_tau",992798.186449678,931297.797315701,1051810.18598088,1.05544373135551,92.449785921429
"plate_torsvik2017","brach.nsb_tau",999346.047937762,935378.878697673,1068449.87184447,1.09237070034375,165.524013375065
"plate_torsvik2017","bivalve.nsb_tau",996083.631460248,930105.652568619,1056633.84730922,1.03691428276345,158.441594687871
"plate_torsvik2017","amm.nsb_tau",1000693.85182561,940976.756020015,1058373.10906231,1.09063770200145,142.081587969733
"plate_torsvik2017","bel.nsb_tau",1001806.52409631,940181.856120231,1061497.09411357,1.04180573223554,151.404739669767
"plate_torsvik2017","micrite.nsb_tau",999058.31581792,943982.678272223,1073309.58275352,1.06149470339373,89.0483326005912
"plate_torsvik2017","bulk.nsb_tau",993448.347515802,926693.751899161,1058909.26217477,1.02798585383079,94.7179833753574
"plate_torsvik2017","bulk_sr.nsb_tau",1003727.96295909,938408.974717278,1065088.6596828,1.02959040870388,97.5541459211625
"plate_torsvik2017","bulk_marg.nsb_tau",997911.317711435,944345.377872763,1072950.29260169,1.01014095229129,414.476298177502
"plate_torsvik2017","bf.archive_level",-12.1981403366424,-12.8715983003043,-11.6178668609351,1.78554736271411,29.6044804422828
"plate_torsvik2017","pf.archive_level",4.10493353590527,3.41160067132375,4.65007690408138,1.81899561063564,16.4030695547517
"plate_torsvik2017","brach.archive_level",3.75293457758531,3.05055891941248,4.29420283306135,1.8181928127293,21.8952817321999
"plate_torsvik2017","bivalve.archive_level",4.65978639132443,3.95718151321614,5.20114949401363,1.81480111311309,22.6184534570134
"plate_torsvik2017","amm.archive_level",2.27843930287364,1.57139662709277,2.8268690998164,1.80288431439545,22.6518305733851
"plate_torsvik2017","bel.archive_level",2.2588892980397,1.55454994769819,2.7991195960481,1.8153410295503,23.8060954439882
"plate_torsvik2017","micrite.archive_level",4.21315261515925,3.42415347348701,4.86249225208948,1.60650924507215,55.1022369526744
"plate_torsvik2017","bulk.archive_level",3.46647221997276,2.76356588222465,4.00772348481305,1.81921015676927,23.4825193991726
"plate_torsvik2017","bulk_sr.archive_level",2.28512368121161,1.50274873069821,2.93343417719659,1.61952959106873,48.4316220753185
"plate_torsvik2017","bulk_marg.archive_level",3.16128166803279,2.46045682199047,3.70250689898398,1.81738745717384,22.6586166721296
"plate_merdith2021","d13CO2_sigma",0.0999617643082556,0.099799835607307,0.0999986005309068,0.999950123863684,24000
"plate_merdith2021","GMST_sigma",0.499614981280129,0.49794881314366,0.499986210177106,1.0002192016815,23870.113486815
"plate_merdith2021","BWT_sigma",0.485719867013321,0.438034105756071,0.499457341286747,1.00024118565537,11824.7744917899
"plate_merdith2021","cc_co2_constant1",12.0617839301153,11.8288042010581,12.2246200053599,1.00000997484574,24177.6263746104
"plate_merdith2021","cc_co2_coeff1",0.139993424678884,0.139964679936911,0.139999726878766,1.0000546668316,23625.0441655813
"plate_merdith2021","asd",1.01963593576541,0.627972514748635,1.40738410126348,1.00002608838156,23846.6667443126
"plate_merdith2021","bpump",2.19529941696308,1.5985093198209,2.78333079777171,1.00022328068184,22413.5601337568
"plate_merdith2021","remin",1.15943832433076,0.646449826555714,1.66327691112624,1.00006967058004,23660.3695504501
"plate_merdith2021","f_co3",0.00310511739901644,0.000113152675741208,0.0159986205946466,1.00429886863029,409.71069930411
"plate_merdith2021","f_carbacid",0.00476430951921012,0.000269028506179404,0.0137633529437596,1.0042127473184,982.659730363761
"plate_merdith2021","Abf",4.3723228475359,3.70224735592099,5.02959399787196,1.00026810256217,11864.8503403124
"plate_merdith2021","Asurf",1.01963593576541,0.627972514748635,1.40738410126348,1.00002608838156,23846.6667443126
"plate_merdith2021","d13CO2_level",-7.52322723225078,-8.25234741087963,-6.59674692698849,1.30889121958971,62.327616754549
"plate_merdith2021","bf.nsb_mean",0.38602019705779,-0.0583134168826203,0.82876128456021,0.999980325097956,24000
"plate_merdith2021","pf.nsb_mean",-0.523455687893824,-0.834104863854485,-0.212945663352254,1.00020112276057,19762.5288995457
"plate_merdith2021","brach.nsb_mean",0.181938271400895,-0.12530930302341,0.494086100781571,1.00016028673656,19776.3741698404
"plate_merdith2021","bivalve.nsb_mean",-0.71014697008727,-1.01793527722682,-0.395921360032551,1.00016573960813,19866.8238526092
"plate_merdith2021","amm.nsb_mean",1.6794429046627,1.36281051636973,1.99968336590676,1.00016355933966,20654.8035926051
"plate_merdith2021","bel.nsb_mean",1.72528330275841,1.41709390701573,2.03886108100824,1.00021100584149,19628.0230089346
"plate_merdith2021","micrite.nsb_mean",-0.319001360277919,-0.670423938283384,0.0386066049228233,1.00000994933274,16016.3611212385
"plate_merdith2021","bulk.nsb_mean",0.481568569329289,0.173675481496135,0.793537452490819,1.00015488844402,19691.5159422179
"plate_merdith2021","bulk_sr.nsb_mean",1.43807770273349,1.01640984259379,1.87320085225109,1.00019872042116,17605.7780184148
"plate_merdith2021","bulk_marg.nsb_mean",0.816450214020996,0.507930656287771,1.13036791263204,1.00016690329519,19795.014832866
"plate_merdith2021","bf.nsb_tau",991203.401556524,927117.543490103,1068858.75640115,1.12339567142196,124.691314382412
"plate_merdith2021","pf.nsb_tau",991008.888278904,934806.184345241,1048457.67174366,1.06762048615363,138.217903474032
"plate_merdith2021","brach.nsb_tau",991580.40556638,937607.111910811,1051124.58413558,1.02596967653166,252.151604775208
"plate_merdith2021","bivalve.nsb_tau",999017.452240411,945556.601316637,1057587.21138375,1.04556628632903,132.439890597627
"plate_merdith2021","amm.nsb_tau",996467.557841188,935915.1107599,1057418.61370123,1.04847738254455,227.775252237486
"plate_merdith2021","bel.nsb_tau",997549.795111381,941335.376296985,1061403.3780739,1.03922258710924,141.426633340578
"plate_merdith2021","micrite.nsb_tau",1001617.65649413,933277.644265884,1069629.54976468,1.02220822930134,124.351836040532
"plate_merdith2021","bulk.nsb_tau",1004498.45984162,942325.056994394,1064519.78272498,1.06529140475241,96.2616641018845
"plate_merdith2021","bulk_sr.nsb_tau",1004573.47778074,948171.085621358,1073056.62609082,1.18524711686367,77.2375040927001
"plate_merdith2021","bulk_marg.nsb_tau",999113.154738852,940153.431360455,1066265.63016291,1.02319017791404,285.214889246958
"plate_merdith2021","bf.archive_level",-12.3230737369385,-12.7406423298869,-11.4798847973083,1.66463866990373,22.693310556878
"plate_merdith2021","pf.archive_level",3.99837910671343,3.59579558924934,4.84843221996316,1.72023678828308,13.2069225330849
"plate_merdith2021","brach.archive_level",3.2941989115506,2.89051185773763,4.14086084814066,1.71611166810445,15.9938682080748
"plate_merdith2021","bivalve.archive_level",4.18614622849687,3.78127511106095,5.03306249091697,1.71465257385773,16.4162425489644
"plate_merdith2021","amm.archive_level",1.79664247199109,1.38224291539363,2.64675206405143,1.69409937026125,16.6170095709805
"plate_merdith2021","bel.archive_level",1.75178664007233,1.34508653358183,2.60083347680589,1.71420059150968,15.8082517494805
"plate_merdith2021","micrite.archive_level",3.81386275660327,3.27226333587212,4.6601166516832,1.49531732787311,33.9810793064033
"plate_merdith2021","bulk.archive_level",2.99493052652724,2.58971678553924,3.84494963924154,1.71711456711469,15.425680358104
"plate_merdith2021","bulk_sr.archive_level",2.05344278343311,1.50708834592123,2.90399816319612,1.48355659856077,37.5044890930517
"plate_merdith2021","bulk_marg.archive_level",2.65907118429039,2.25475093029778,3.50357491920396,1.71235487711506,15.3334975796583
"plate_cao2024","d13CO2_sigma",0.0999617320242696,0.0997933642281399,0.0999986633158151,1.00010071470221,23513.236531358
"plate_cao2024","GMST_sigma",0.499614181586035,0.497920115094897,0.499985655059603,1.00009472264376,23644.3379692239
"plate_cao2024","BWT_sigma",0.485688205306662,0.439369962978626,0.499448528096947,1.00047010204182,12883.9230794893
"plate_cao2024","cc_co2_constant1",12.0602576496393,11.8240727348331,12.2245299297067,1.00014866123574,23757.2629805786
"plate_cao2024","cc_co2_coeff1",0.139993463339713,0.139965022613356,0.139999774728181,0.999911739763189,24318.1498335269
"plate_cao2024","asd",1.01822460749406,0.62574460439184,1.4085852661287,1.00024030809503,24342.1092520504
"plate_cao2024","bpump",2.20099455217133,1.61285607156636,2.78299034138187,1.0000849576201,20921.692335163
"plate_cao2024","remin",1.15873335512392,0.652988620267677,1.6683959669372,1.00002949229585,23231.293145211
"plate_cao2024","f_co3",0.00297859379643473,0.0001100676753418,0.0142399484277654,1.00139761937111,568.717636563031
"plate_cao2024","f_carbacid",0.0048601841344484,0.000261489262386266,0.0135737139633471,1.00107821840744,982.48538804307
"plate_cao2024","Abf",4.37152968695796,3.70994768854907,5.05093488887612,1.00037954433062,14868.3662176715
"plate_cao2024","Asurf",1.01822460749406,0.62574460439184,1.4085852661287,1.00024030809503,24342.1092520504
"plate_cao2024","d13CO2_level",-7.49624684592033,-8.51124726499403,-6.59263394910615,1.50638928812366,110.505745146089
"plate_cao2024","bf.nsb_mean",0.386520027362165,-0.0621982956950186,0.840024814500353,1.00002601630581,24272.9351649678
"plate_cao2024","pf.nsb_mean",-0.524016326026953,-0.830632859743766,-0.208672125858574,1.00002908874744,18704.3247240101
"plate_cao2024","brach.nsb_mean",0.181718498921626,-0.126060811401714,0.496961388281309,0.999968985299669,18697.2144246574
"plate_cao2024","bivalve.nsb_mean",-0.710309237203826,-1.0180635727758,-0.394550316632152,0.999993166661049,18461.201778599
"plate_cao2024","amm.nsb_mean",1.678525273821,1.36357946482485,2.00036274656871,0.999990980276572,19143.0528991509
"plate_cao2024","bel.nsb_mean",1.72438138144999,1.41818159138719,2.04133371976392,0.999983418902981,18841.8080511042
"plate_cao2024","micrite.nsb_mean",-0.320775700233255,-0.672257717895667,0.0332006015361417,1.00028346701004,15929.9722243029
"plate_cao2024","bulk.nsb_mean",0.480816259539744,0.173488817155089,0.795296665444661,0.999961911665281,18712.8118689178
"plate_cao2024","bulk_sr.nsb_mean",1.43721005945705,1.00907729926206,1.87256329287097,1.00001279602035,16341.3368574533
"plate_cao2024","bulk_marg.nsb_mean",0.81509141020998,0.504052190822054,1.12931523808861,0.99998300960874,18860.5726114733
"plate_cao2024","bf.nsb_tau",1002006.60976931,934004.246734748,1065813.88413757,1.08302145227554,140.080789684005
"plate_cao2024","pf.nsb_tau",1001623.09136017,941878.491045771,1069324.89472329,1.06613838163292,138.260737150891
"plate_cao2024","brach.nsb_tau",996922.573639077,941901.465369414,1054710.80134032,1.09470742433069,304.766553565309
"plate_cao2024","bivalve.nsb_tau",1003982.65937174,937061.333839584,1065319.09364415,1.03796652512941,106.030193903964
"plate_cao2024","amm.nsb_tau",1002559.90245706,942019.938712467,1067816.85581048,1.05218218263636,184.360149689519
"plate_cao2024","bel.nsb_tau",989503.347789242,934266.04408465,1050819.20090857,1.03180794303068,126.652058579565
"plate_cao2024","micrite.nsb_tau",1003085.0917889,941621.732447163,1068172.72887336,1.01417323222009,139.916948245455
"plate_cao2024","bulk.nsb_tau",993604.047394478,938496.215300548,1065197.3790519,1.06831740162483,101.293688503693
"plate_cao2024","bulk_sr.nsb_tau",1004061.43992512,941843.96321023,1056007.87257519,1.08434053857291,94.966825112784
"plate_cao2024","bulk_marg.nsb_tau",991753.978824025,935705.914605557,1063252.56522169,1.06351141892442,252.568842191352
"plate_cao2024","bf.archive_level",-12.2280330279281,-13.0683514812525,-11.5643105799085,1.91147843622594,26.5494221809049
"plate_cao2024","pf.archive_level",4.08474463859646,3.26116771641394,4.74277577564147,1.98175257163143,13.6372284827155
"plate_cao2024","brach.archive_level",3.38118885894719,2.5582006295059,4.02512671603606,1.98553483363872,17.113037474781
"plate_cao2024","bivalve.archive_level",4.27250176743423,3.45220109340828,4.91841912093082,1.98358607160909,17.3349460667186
"plate_cao2024","amm.archive_level",1.88628734333359,1.05137500079534,2.53820922159394,1.96459391730942,17.7965227458726
"plate_cao2024","bel.archive_level",1.83831712442002,1.0151369163368,2.48430618965043,1.98447455976619,16.8302214694574
"plate_cao2024","micrite.archive_level",3.87544018998409,2.97639519391076,4.62419767063695,1.73641818720359,52.3306646257897
"plate_cao2024","bulk.archive_level",3.08259057054717,2.25783667385497,3.72552092676619,1.98618314777733,17.1252504554158
"plate_cao2024","bulk_sr.archive_level",2.11055935924632,1.20486218157739,2.8760959815837,1.74019010119655,42.0399356198554
"plate_cao2024","bulk_marg.archive_level",2.74885464111529,1.9221900968399,3.39153508225457,1.98386344804676,17.9790377214941
"cenozoic","d13CO2_sigma",0.0998546136793813,0.0992349267997396,0.0999942841605938,1.00009080707496,24574.6342942557
"cenozoic","GMST_sigma",0.497926106463849,0.489358416729323,0.499924229654002,1.00003603614683,23646.508684729
"cenozoic","BWT_sigma",0.497788401376571,0.488325241751584,0.499915016496657,0.999978780859102,24000
"cenozoic","cc_co2_constant1",12.0528182523227,11.818944135216,12.2229838841553,1.00012529899622,23653.302374195
"cenozoic","cc_co2_coeff1",0.139920050697901,0.139573925915846,0.13999695341967,1.00003490420395,24231.390595563
"cenozoic","asd",1.03349083595861,0.648157746197218,1.42920892709139,1.00008186593722,24064.936158744
"cenozoic","bpump",2.16221194814002,1.58031451170521,2.75499205337921,0.999986740791299,23854.2973323114
"cenozoic","remin",1.13898351420118,0.628409627546792,1.65338743551444,0.999922361100936,23684.1626314314
"cenozoic","f_co3",0.000659719418899119,2.41118743569489e-05,0.00342782212073201,1.00104181325413,6737.65888326245
"cenozoic","f_carbacid",0.000954911279956621,3.61899540394728e-05,0.00477776193261991,1.00076704633022,5115.56828193237
"cenozoic","Abf",4.33242792318839,3.65393125246565,5.02263715907719,1.00000411656997,24096.2036732727
"cenozoic","Asurf",1.03349083595861,0.648157746197218,1.42920892709139,1.00008186593722,24064.936158744
"cenozoic","d13CO2_level",-4.58737832020207,-5.22480556700716,-3.95609576817624,1.02009043953515,1080.55938054609
"cenozoic","bf.nsb_mean",0.37460499197052,-0.0687008884492833,0.829419742225669,0.99996938190188,24706.5785482673
"cenozoic","pf.nsb_mean",-0.813315378480238,-1.21155517629026,-0.421481777089215,0.999928642195401,24000
"cenozoic","brach.nsb_mean",-0.134545937786024,-0.574053938616669,0.299152605663375,0.99995871603741,24449.7863400033
"cenozoic","bivalve.nsb_mean",2.53496286033979,1.88703876057373,3.18196533858361,1.00019815949004,19795.737789737
"cenozoic","bulk.nsb_mean",1.36972690365201,0.86497614811978,1.87972959200738,1.00054951114939,17264.0085868727
"cenozoic","bf.nsb_tau",996893.136550897,938198.800924058,1059944.46404247,1.01143536344345,183.543170279759
"cenozoic","pf.nsb_tau",999956.918727409,934100.639684551,1069848.69162266,1.06818687845771,131.318272484958
"cenozoic","brach.nsb_tau",998355.848754782,941111.747608227,1058621.21034243,1.02513601780832,175.104035270043
"cenozoic","bivalve.nsb_tau",999658.666755764,938175.036916536,1066081.7694503,1.03668837402424,134.133000606928
"cenozoic","bulk.nsb_tau",1001258.85374377,938442.016099397,1065838.03695416,1.03643450182876,103.33912716611
"cenozoic","bf.archive_level",-9.29545550731447,-9.58562255255701,-9.06372513245219,1.15014882887133,71.7177446064285
"cenozoic","pf.archive_level",7.24061168890498,6.95503184667845,7.46996793139583,1.14972098468194,66.1624232853189
"cenozoic","brach.archive_level",6.56181048808674,6.22988219806827,6.86039844705683,1.09120012159743,126.312449959757
"cenozoic","bivalve.archive_level",3.89027564536005,3.29197121017565,4.48365219366027,1.02355345756936,761.886264860041
"cenozoic","bulk.archive_level",5.05230652167745,4.61076224809462,5.49353159931672,1.02990725392706,679.338606742716
"coupled","d13CO2_sigma",0.0999631108525545,0.0998040536766292,0.0999986049842516,1.00018215542888,24000
"coupled","GMST_sigma",0.499625281935178,0.497945786535391,0.499986206035248,1.00014511807666,23920.245184925
"coupled","BWT_sigma",0.486557844644932,0.441623276097435,0.499520402688273,1.00006258587792,15303.5145997454
"coupled","cc_co2_constant1",12.0595501650483,11.8268755578481,12.224761114398,1.00048188184596,23974.6221470381
"coupled","cc_co2_coeff1",0.139993210173395,0.139964300901358,0.139999763145359,0.999934708671317,24262.1272852915
"coupled","asd",1.01645260819876,0.627040409190159,1.41139480866561,1.00016129999607,23999.9999999999
"coupled","bpump",2.17553784538736,1.5949772565229,2.76161618020709,1.00067630061934,18655.1721559604
"coupled","remin",1.14456997309095,0.635888685892448,1.65114695125552,1.00020793847365,23430.4177255373
"coupled","f_co3",0.00311496785260161,0.000114772616954927,0.0153302487540986,1.00485122547404,482.658337469495
"coupled","f_carbacid",0.0048389196011609,0.000299294394252212,0.0132938896922625,1.00676677609649,983.567850417563
"coupled","Abf",4.33620352436257,3.6707108002996,4.99818726695624,1.00041529504808,17914.0594996132
"coupled","Asurf",1.01645260819876,0.627040409190159,1.41139480866561,1.00016129999607,23999.9999999999
"coupled","d13CO2_level",-6.81528829279261,-7.59772397875927,-5.37156131627798,1.60149172220943,200.037291571321
"coupled","BWT_GMST_beta",0.0104908642711571,0.000400745062384166,0.0528153371098021,0.999981200681109,23432.727662505
"coupled","bf.nsb_mean",0.383222564278824,-0.0646946290480198,0.824315660574134,1.00005157258019,24000.0000000001
"coupled","pf.nsb_mean",-0.573312176880679,-0.881971051564136,-0.26221406986854,0.999959963929038,19875.5954963104
"coupled","brach.nsb_mean",0.298809764773375,-0.00980941873775714,0.60796505118428,1.0002569540809,19952.2568308625
"coupled","bivalve.nsb_mean",-0.55452559233183,-0.864971822770424,-0.242688673183048,1.00024538925018,19654.0153843891
"coupled","amm.nsb_mean",1.84057209252227,1.52104273813354,2.15685339612505,1.00030506645964,19997.3883925736
"coupled","bel.nsb_mean",1.88055995434915,1.57023799971802,2.19143133760412,1.00025046558752,19764.9783656693
"coupled","micrite.nsb_mean",-0.349083783295002,-0.698584190071992,0.000395369690062681,1.00052787940947,16176.9272116437
"coupled","bulk.nsb_mean",0.589900071867308,0.281687016728956,0.897923343488896,1.00023701875218,19649.8183470819
"coupled","bulk_sr.nsb_mean",1.57531585545918,1.1477869997,2.00992676317183,1.00031310645692,17283.2227223318
"coupled","bulk_marg.nsb_mean",0.9311899243865,0.619303285633784,1.24072624674804,1.00037246771441,19568.0176397518
"coupled","bf.nsb_tau",1008441.33419727,953218.487797053,1071960.79144389,1.11607700968619,72.9601031544569
"coupled","pf.nsb_tau",1002938.06695738,942799.230320372,1066410.5512715,1.08182749900944,109.194385963637
"coupled","brach.nsb_tau",996577.981112663,937756.400623923,1067618.25245883,1.03178665416643,126.74699431444
"coupled","bivalve.nsb_tau",1001681.81016076,938908.51158452,1060698.3426695,1.10719423890118,142.668259961067
"coupled","amm.nsb_tau",1005105.02425038,933652.854149169,1064253.15770262,1.01789087362266,276.023441791477
"coupled","bel.nsb_tau",995944.276915201,942781.525847826,1060093.15320979,1.12075872460267,63.6172386563163
"coupled","micrite.nsb_tau",1002735.24168447,942529.580469152,1069797.22815765,1.04541325045142,121.177519977438
"coupled","bulk.nsb_tau",998842.287923363,943344.764260571,1062264.81419346,1.0295121197102,207.313772887044
"coupled","bulk_sr.nsb_tau",1000628.94763927,940604.678049942,1058185.81745732,1.03888775913326,130.119984483847
"coupled","bulk_marg.nsb_tau",1000883.20102482,939944.415692365,1059871.00843065,1.02565135190595,168.914045993849
"coupled","bf.archive_level",-11.5569885702296,-12.0669113617294,-10.1245613707636,1.95448468790654,42.9758910045435
"coupled","pf.archive_level",4.76834027334408,4.29306009079027,6.17641688305878,2.00443638253384,22.1778869526398
"coupled","brach.archive_level",3.8933019448401,3.43061823266584,5.30465457427075,2.00048438289912,29.7179752933852
"coupled","bivalve.archive_level",4.74563267147683,4.28055415242671,6.15732389996533,1.99825682399843,31.1083653805935
"coupled","amm.archive_level",2.35128658330699,1.87301735052656,3.75979545727711,1.98243542448408,31.6956870908848
"coupled","bel.archive_level",2.31001171394035,1.84582888635898,3.72370046107768,1.99887416528785,30.0403706715693
"coupled","micrite.archive_level",4.545456324786,3.95761916124076,5.95907421632981,1.80323851734164,90.9861898918261
"coupled","bulk.archive_level",3.60153115594789,3.13997515111076,5.01255501357523,2.00112158445703,28.0899982137207
"coupled","bulk_sr.archive_level",2.62245160587795,2.02910300153075,4.0280399067935,1.78742005117147,76.0310537719186
"coupled","bulk_marg.archive_level",3.26289286457099,2.79695217094691,4.66951595436289,1.99685234230384,28.3764009680125
