"","x"
"1","Farrell, John W; Janecek, Thomas R 1991"
"2","Ravelo, AC; Shackleton, NJ 1995"
"3","Bickert et al. 1997"
"4","Chaisson, W.P. & Ravelo, A. 1997"
"5","Grant, K.M. & Dickens, G.R. 2002"
"6","deMenocal et al. 1997"
"7","Haug, Gerald H; Tiedemann, Ralf; Zahn, Rainer; Ravelo, Ana Christina 2001"
"8","Kennett, James P 1986"
"9","Steph, S., Tiedemann, R., Groeneveld, J. 2006"
"10","Tiedemann, Ralf 1991"
"11","Tiedemann & Franz 1997"
"12","Franz & Tiedemann2002"
"13","Franz, Sven-Oliver 1999"
"14","Billups et al. 1998"
"15","Li, Q et al. 2006"
"16","M.L. Prentice,J.K. Freiz, G.G. Simonds, R.K. Matthews "
"17","Resig, JM; Kroopnick, PM 1983"
"18","M.L. Prentice, J.K. Freiz, G.G. Simonds, R.K. Matthews "
"19","Bell et al. 2014"
"20","MARUM Bremen this study"
"21","Shackleton, N.J., Hall, M.A. 1997"
"22","UniCambridge Hodell this study"
"23","Nathan, SA; Leckie, RM 2009"
"24","Tian et al. 2018"
"25","Drury et al. 2017"
"26","Holbourn et al. 2007;2013;2018"
"27","Saelen, G., Lunde, I. L., Walderhaug Porten, K., Braga, J. C., Dundas, S. H., Ninnemann, U. S., Ronen, Y., and Talbot, M. R 2016"
"28","Elmstrom, KM; Kennett, JP 1986"
"29","Corfield, R.M., Cartlidge, J.E. 1993"
"30","Holbourn et al. 2014"
"31","Li, Q., Li, B., Zhong, G., McGowran, B., Zhou, Z., Wang, J., and Wang, P. 2006"
"32","Biolzi, M. 1983"
"33","Holbourn et al. 2015"
"34","Tian et al. 2014"
"35","Liebrand et al. 2011;2016"
"36","Buening, N., Carlson, S.J., Spero, H.J., and Lee, D.E. 1998"
"37","Keller, G. 1983"
"38","Boersma, A. & Shackleton, N 1978"
"39","van Eijden, AJM; Ganssen, GM 1995"
"40","Poore, Richard Z; Matthews, RK 1984"
"41","Keigwin, L.D. jr. & Corliss, B.H. 1986"
"42","Belanger P.E. & Matthews, R.K. 592"
"43","Wade and Paelike 2004"
"44","Lear et al. 2004"
"45","Paelike2006 PI Herrle"
"46","Coxall et al. 2005"
"47","Coxall & Wilson, 2011"
"48","Pearson et. al. 2007"
"49","Riesselmann et al. 2007"
"50","PEARSON, P. N., DITCHFIELD, P. W., SINGANO, J., HARCOURT-BROWN, K. G., NICHOLAS, C. J., OLSSON, R. K., SHACKLETON, N. J. & HALL, M. A. 2001"
"51","Pearson, P. N., Ditchfield, P. W., Singano, J., Harcourt-Brown, K. G., Nicholas, C. J., Olsson, R. K., Shackleton, N. J. & Hall, M. A. 2001"
"52","Coxall, H.K., Pearson, P.N., Shackleton, N.J., Hall, M.A., 2000"
"53","this study"
"54","Timothy J. Bralower  James C. Zachos  Ellen Thomas  Matthew Parrow  Charles K. Paull  D. Clay Kelly Isabella Premoli Silva  William V. Sliter  Kyger C. Lohmann 1995"
"55","Boscolo Galazzo et al. 2014"
"56","BICE, K. L. & NORRIS, R. D 2005"
"57","Westerhold et al. 2018 LLTM"
"58","Sexton et al. 2011"
"59","Lauretano et al. 2016; 2018"
"60","Lauretano et al. 2015"
"61","Thomas et al. 2018"
"62","Littler et al. 2014"
"63","Lu, G., Keller, G 1996"
"64","Stap et al. 2010"
"65","McCarren et al. 2008 et al. 2008"
"66","McCarren et al. 2008"
"67","Berggren, W.A. & Norris, R.D. 116"
"68","Berggren, W.A. & Norris, R.D. 1997"
"69","Barnet et al. 2019"
"70","Frank, T.D. & Arthur, M.A. 1999"
"71","Barnet et al. 2017"
"72","Hull et al. 2020"
"73","Schovsbo et al. 2008"
"74","MacLeod, KG,  Huber, B.T., Isaza-Londono, C. 2005"
"75","Jung, Claudia; Voigt, Silke; Friedrich, Oliver; Koch, Mirjam C; Frank, Martin 2013"
"76","Morrison, J.O. 1991"
"77","BARRERA, E. & SAVIN, S. M. 1999"
"78","Zakharov, Y.D., Smyshlyaeva, O.P., Tanabe, K., Shigeta, Y., Maeda, H., Ignatiev, A.V., Velivetskaya, T.A., Afanasyeva, T.B., Popov, A.M., Golozubov, V.V., Kolyada, A.A., Cherbadzhi, A., Moriya, K 2005"
"79","Li, L. & Keller, G. 1999"
"80","Thibault et al. 2012"
"81","Abramovich, Sigal; Keller, Gerta; Stueben, Doris; Berner, Zsolt 2003"
"82","Pirrie, D., and Marshall, J.D. 1990"
"83","Dutton, A., Huber, B.T., Lohmann, K.C., and Zinsmeister, W.J. 2007"
"84","Friedrich, O., Jens O. Herrle, Peter Koessler, Christoph Hemleben 2004"
"85","Voigt et al. 2010"
"86","Huber, Brian T; Norris, Richard D; MacLeod, Kenneth G 2002"
"87","Jenkyns et al. 1994"
"88","Linnert et al. 2018"
"89","Ditchfield, P., Marshall, J., and Pirrie, D. 1994"
"90","Niebuhr, B., and Joachimski, M.M. 2002"
"91","Jarvis et al. 2006"
"92","Thibault et al. 2016"
"93","Bornemann,A.,  Richard D. Norris, Oliver Friedrich, Britta Beckmann, Stefan Schouten, Jaap S. Sinninghe Damste, Jennifer Vogel, Peter Hofmann, Thomas Wagner 2008"
"94","Voigt, S. 2000"
"95","Paul et al. 1999"
"96","Voigt, S., Wilmsen, M., Mortimore, R. N., Voigt, T. 2003"
"97","Jarvis et al. 2011"
"98","MORIYA, K., WILSON, P. A., FRIEDRICH, O., ERBACHER, J. & KAWAHATA, H. 2007"
"99","Price, G.D. & Hart, M.B. 2002"
"100","Paul et al. 1994"
"101","Mitchell et al. 1996"
"102","G.D. PRICE, B.W. SELLWOOD, R.M. CORFIELD, L. CLARKE 1998"
"103","ANDO, A., HUBER, B. T., MACLEOD, K. G., OHTA, T. & KHIM, B.-K. 2009"
"104","PETRIZZO, M. R., HUBER, B. T., WILSON, P. A. & MACLEOD, K. G. 2008"
"105","Price, G.D., Twitchett, R.J., Wheeley, J.R., and Buono, G., 2013, Isotopic evidence for long term warmth in the Mesozoic. Scientific Reports, v. 3, no. 1, doi: 10.1038/srep01438. 2013"
"106","Gale et al. (2011)"
"107","Fassell, M.L. & Bralower, T.J. 1999"
"108","Leckie, R Mark; Bralower, Timothy J; Cashman, Katharine V "
"109","Pirrie, D., Doyle, P., Marshall, J., and Ellis, G. 1995"
"110","Huber, B. T., K. G. MacLeod, D. R. Graecke, and M. Kucera 2011"
"111","Herrle et al. (2004, 2015)"
"112","Pirrie, D., Marshall, J., Doyle, P., and Riccardi, A. 2004"
"113","Erbacher, J., Huber, B.T., Norris, R.D., Markey, M. 2001"
"114","HUBER, B.T., AND R. MARK LECKIE 2011"
"115","Li et al 2016"
"116","Mutterlose, J., Bornemann, A., and  Herrle, J. 2009"
"117","Price, G.D., and Grscke, D.R. 2002"
"118","Sprovieri et al. 2006"
"119","Bodin, S., Fiet, N., Godet, A., Matera, V., Westermann, S., Clment, A., Janssen, N.M., Stille, P., and Fsllmi, K.B. 2009"
"120","McArthur, J.M., Mutterlose, J., Price, G.D., Rawson, P.F., Ruffell, A., Thirlwall, M.F. 2004"
"121","Podlaha, O., Mutterlose, J. and Veizer, J. 1998"
"122","Mutterlose, J., Malkoc, M., Schouten, S., Damst, J.S.S., and Forster, A. 2010"
"123","Price, G., F_zy, I., Janssen, N., and Palfy, J. 2011"
"124","Zakharov, Y.D., Baraboshkin, E.Y., Weissert, H., Michailova, I.A., Smyshlyaeva, O.P., and Safronov, P.P. 2013"
"125","Mutterlose, J., Malkoc, M., Schouten, S., and Damst, J.S.S. 2012"
"126","McArthur, J.M., Janssen, N.M.M., Reboulet, S., Leng, M.J., Thirlwall, M.F., and van de Schootbrugge, B. 2007"
"127","Schootbrugge, B.V.D., Fsllmi, K.B., Bulot, L.G., and Burns, S.J. 2000"
"128","Lini 1994"
"129","Price, G.D., Ruffell, A.H., Jones, C.E., Kalin, R.M., and Mutterlose, J. 2000"
"130","Garcia 2008"
"131","Price, G., and Mutterlose, J. 2004"
"132","Haggerty, J. A. 1987"
"133","Ditchfield, P.W. 1997"
"134","Grscke, D., Gregory, P., Ruffel, A., Mutterlose, J., Baraboshkin, E. 2003"
"135","Sprovieri et al. 2007"
"136","Emmanuel & Renard 1993"
"137","Weissert & Channell 1989"
"138","Grabowski et al. 2019"
"139","Zak, K., Kostak, M., Man, O., Zakharov, V.A., Rogov, M.A., Pruner, P., Rohovec, J., Dzyuba, O.S., and Mazuch, M. 2011"
"140","Ullmann, C.V., Campbell, H.J., Frei, R., Korte, C. 2016"
"141","F_zy, I., Janssen, N., and Price, G. 2011"
"142","Dera, G., Brigaud, B., Monna, F., Laffont, R., Pucat, E., Deconinck, J.-F., Pellenard, P., Joachimski, M.M., and Durlet, C. 2011"
"143","Nunn, E.V., and Price, G.D. 2010"
"144","Brigaud et al. 2002"
"145","Coimbra, R., and Ol-riz, F. 2012"
"146","Coimbra, R., and Oloriz, F. 2012"
"147","Padden et al. 2002"
"148","Lathuiliere ,B., Carpentier, C.,Bartier,D.,Boullier,A.Elie,M.,Gaillard,C.,Gauthier-Lafaye,F.,Hantzpergue,P., Huault,V.,Lancelot,J.,Maes,P.,Malartre,F.Nori,L..Ruck-Mosser,R., and Werner, W. 2002"
"149","Ullmann, C.V., Campbell, H.J., Frei, R., Hesselbo, S.P., Pogge von Strandmann, P., Korte, C. 2013"
"150","Alberti, M., Fuersich, F. T., and Pandey, D. K. 2012"
"151","Price, G., and Sellwood, B. 1997"
"152","Alberti, M., Fuersich, F. T., Abdelhady, A. A., and Andersen, N. 2017"
"153","Nunn, E.V., Price, G.D., Hart, M.B., Page, K.N., and Leng, M.J. 2009"
"154","Wierzbowski, H. 2004"
"155","Brigaud, B., Pucat, E., Pellenard, P., Vincent, B., Joachimski, M.M. 2008"
"156","Price, G.D., Twitchett, R.J., Smale, C., and Marks, V. 2009"
"157","Wierzbowski, H. 2002"
"158","Benito, M.I., and Reolid, M. 2012"
"159","Carpentier, C., Martin-Garin, B., Lathuiliere, B., and Ferry, S. 2006"
"160","Padden, M. 2001"
"161","Rais et al. 2006"
"162","Rais et al. 2007"
"163","Louis-Schmid et al. 2007"
"164","Wierzbowski, H., Dembicz, K., and Praszkier, T. 2009"
"165","Louis-Schmid 2006"
"166","Price, G.D., and Page, K.N. 2008"
"167","Pellenard et al. 2014"
"168","Fuersich, F., Singh, I., Joachimski, M., Krumm, S., Schlirf, M., and Schlirf, S. 2005"
"169","Anderson, T.F., Popp, B.N., Williams, A.C., Ho, L.-Z., and Hudson, J.D. 1994"
"170","Bartolini et al. 2013"
"171","Brigaud, B., Durlet, C., Deconinck, J. F., Vincent, B., Puceat, E., Thierry, J., and Trouiller, A. 2009"
"172","Brigaud, B., Durlet, C., Deconinck, J.-F., Vincent, B., Pucat, E., Thierry, J., and Trouiller, A. 2009"
"173","Malchus, N., and Steuber, T. 2002"
"174","O'Doherty et al. 2006"
"175","Wierzbowski, H., and Joachimski, M. 2007"
"176","Price, G.D., and Teece, C. 2010"
"177","Sucheras-Marx et al. 2013"
"178","Jenkyns, H.C., Jones, C.E., Grscke, D.R., Hesselbo, S.P., and Parkinson, D.N. 2002"
"179","Gomez, J.J., Canales, M.L., Ureta, S., Antonio, Goy, A. 2009"
"180","Price, G.D. 2010"
"181","Metodiev, L., and Koleva-Rekalova, E. 2008"
"182","Sandoval et al. 2008"
"183","Sandoval et al. 2012"
"184","Gomez, J.J.,  Goy, A., Canales, M.L. 2008"
"185","Harazim, D., Schootbrugge, B.V.D., Sorichter, K., Fiebig, J., Weug, A., Suan, G., and Oschmann, W. 2012"
"186","Mcarthur, J., Donovan, D., Thirlwall, M., Fouke, B., and Mattey, D. 2000"
"187","Dera, G., Pucat, E., Pellenard, P., Neige, P., Delsate, D., Joachimski, M.M., Reisberg, L., and Martinez, M. 2009"
"188","Suan, G., Mattioli, E., Pittet, B., Lcuyer, C., Suchras-Marx, B., Duarte, L., Philippe, M., Reggiani, L., and Martineau, F. 2010"
"189","Li, Q., Mcarthur, J., and Atkinson, T. 2012"
"190","Schootbrugge, B.V.D., McArthur, J.M., Bailey, T.R., Rosenthal, Y., Wright, J.D., Miller, K.G. 2005"
"191","Bailey, T., Rosenthal, Y., Mcarthur, J., Schootbrugge, B.V.D., and Thirlwall, M. 2003"
"192","Rosales, I., Robles, S., and Quesada, S. 2004"
"193","Hesselbo et al. 2007"
"194","Suan, G., Mattioli, E., Pittet, B., Mailliot, S., and Lcuyer, C. 2008"
"195","Korte, C., and Hesselbo, S.P. 2011"
"196","Mettraux, M., Weissert, H., and Homewood, P. 1989"
"197","Oliviera et al. 2006"
"198","Teichert, B.M.A., Luppold F.W. 2013"
"199","Silva et al. 2011"
"200","Mercuzot et al. 2020"
"201","Armendariz, M., Rosales, I., Badenas, B., Aurell, M., Garcia-Ramos, J.C., and Pinuela, L. 2012"
"202","Hesselbo, S.P., Grscke, D.R., Jenkyns, H.C., Bjerrum, C.J., Farrimond, P., Bell, H.S.M., and Green, O.R. 2000"
"203","Riding, J.B., Leng, M.J., Kender, S., Hesselbo, S.P., and Feist-Burkhardt, S. 2013"
"204","Katz et al. 2005"
"205","Nori, L., and Lathuiliere , B. 2003"
"206","Bachan et al. 2012"
"207","Korte, C., Hesselbo, S.P., Jenkyns, H.C., Rickaby, R.E., and Spstl, C. 2009"
"208","Van de Schootbrugge  et al. 2008"
"209","Muttoni et al. 2014"
"210","Korte et al. 2017"
"211","Korte, C., Jasper, T., Kozur, H.W., and Veizer, J. 2005"
"212","Preto et al. 2013"
"213","Ullmann, C.V., Campbell, H.J., Frei, R., Korte, C. 2014"
"214","Muttoni et al. 2004"
"215","Mazza et al. 2010"
"216","Sun et al. 2016"
"217","Payne et al. 2004"
"218","Galfetti et al. 2007"
"219","Lyu et al. 2019"
"220","Burgess et al. 2014"
"221","Xie et al. 2007 in Shen et al. 2017"
"222","Jin et al. 2000"
"223","Brand, U., Posenato, R., Came, R., Affek, H., Angiolini, L., Azmy, K., and Farabegoli, E. 2012"
"224","Kearsey, T., Twitchett, R.J., Price, G.D., and Grimes, S.T. 2009"
"225","Garbelli, C., Angiolini, L., Brand, U., Shen, S.-z., Jadoul, F., Posenato, R., Azmy, K., and Cao, C.-q. 2016"
"226","Riccardi et al. 2007"
"227","Korte, C., Kozur, H.W., and Veizer, J. 2005"
"228","Tierney 2010"
"229","Bagherpour et al. 2018"
"230","Mii, H.-s., Shi, G. R., and Wang, C.-a. 2013"
"231","Cao et al. 2018"
"232","Bond et al. 2010"
"233","Wang et al. 2004"
"234","Mii, H.-s., Shi, G. R., Cheng, C.-j., and Chen, Y.-y. 2012"
"235","Mii, H.-S., Grossman, E.L., and Yancey, T.E. 1997"
"236","Frank, T. D., Pritchard, J. M., Fielding, C. R., and Mory, A. J. 2012"
"237","Buggisch et al. 2011"
"238","Henkes, G.A., Passey, B.H., Grossman, E.L., Shenton, B.J., Yancey, T.E., and Perez-Huerta, A. 2018"
"239","Popp, B. N., Anderson, T. F., and Sandberg, P. A. 1986"
"240","Beard, J.A., Ivany, L.C.,  and Runnegar, B. 2015"
"241","Grossman, E.L., Yancey, T.E., Jones, T.E., Bruckschen, P., Chuvashov, B., Mazzullo, S., and Mii, H.-S. 2008"
"242","Shenton, B. J., Grossman, E. L., Passey, B. H., Henkes, G. A., Becker, T. P., Laya, J. C., Perez-Huerta, A., Becker, S. P., and Lawson, M. 2015"
"243","Frank, T. D., Shultis, A. I., and Fielding, C. R. 2015"
"244","Popp 1985"
"245","Mazzullo, S.J., Boardman, D.R., Grossman, E.L., and Dimmick-Wells, K. 2007"
"246","Angiolini, L., Jadoul, F., Leng, M. J., Stephenson, M. H., Rushton, J., Chenery, S., and Crippa, G. 2009"
"247","Brand, U. 2004"
"248","Saltzman 2003"
"249","Bruckschen, P., Oesmann, S., and Veizer, J. 1999"
"250","Grossman, E.L., Zhang, C., and Yancey, T.E. 1991"
"251","Mii, H.-S., Grossman, E.L., and Yancey, T.E. 1999"
"252","Roark, A., Flake, R., Grossman, E. L., Olszewski, T., Lebold, J., Thomas, D., Marcantonio, F., Miller, B., Raymond, A., and Yancey, T. 2017"
"253","Grossman, E.L., Mii, H.-S., and Yancey, T.E. 1993"
"254","Mii, H.-S., Grossman, E.L., Yancey, T.E., Chuvashov, B., and Egorov, A. 2001"
"255","Immenhauser, A., Kenter, J.A., Ganssen, G., Bahamonde, J.R., Vliet, A.V., and Saher, M.H. 2002"
"256","Bruckschen, P., Veizer, J. Schwark, L., and Leythaeuser, D. 2001"
"257","Batt et al. 2007"
"258","Brand, U., and Brenckle, P. 2001"
"259","Yao, Le, Jiang, G., Mii, H-S., Lin, Y., Aretz, M., Chen, J., Qi, Y., Lin, W., Wang, Q., Wang, X. 2022"
"260","Armendriz, M., Rosales, I., and Quesada, C. 2008"
"261","Brand, U., and Veizer, J. 1981"
"262","Stanton, R.J., Jeffery, D.L., and Ahr, W.M. 2002"
"263","Stolfus et al. 2020"
"264","Brand, U., and Legrand-Blain, M. 1993"
"265","Buggisch & Joachimski 2006"
"266","Veizer, J., Ala, D., Azmy, K., Bruckschen, P., Buhl, D., Bruhn, F., Carden, G., Diener, A., Ebneth, S., Gobberis, Y., Jasper, T., Korte, C., Pawellek, F., Podlaha, O., and Strauss, H. 1999"
"267","Xu et al. 2012"
"268","van Geldern, R., Joachimski, M., Day, J., Jansen, U., Alvarez, F., Yolkin, E., and Ma, X.-P. 2006"
"269","Holmden et al. 2006"
"270","Delaney, M. L., Popp, B. N., Lepzelter, C. G.and Anderson, T. F. 1989"
"271","Zambito et al. 2016"
"272","Popp, B. N., Anderson, T. F. and Sandberg, P. A. 1986"
"273","van Hengstum & Grocke 2008"
"274","Buggisch & Mann 2004"
"275","Van Geldern et al 2006"
"276","Lavoie, D. 1993"
"277","Azmy, K., Veizer, J., Bassett, M.G., Copper, P. 1998"
"278","Kaljo et al. 2012"
"279","Fryda & Manda 2013"
"280","Jeppsson et al. 2012"
"281","Samtleben, C., Munneke, A., Bickert, T. and Pstzold, J. 1996"
"282","Wenzel, B and Joachimski, M. M. 1996"
"283","Jeppsson et al. 2007"
"284","McAdams et al. 2019"
"285","Marshall et al. 2012"
"286","Biebesheimer et al. 2021"
"287","Hartke et al. 2021"
"288","McAdams et al. 2017"
"289","Braun 2018"
"290","Ainsaar et al. 2004"
"291","Shields, G.A., Carden, G.A., Veizer, J., Meidla, T., Rong, J.-Y., and Li, R.-Y. 2003"
"292","Middleton, P. D., Marshall, J. D. and Brenchley, P. J. 1991"
"293","Young et al. 2010"
"294","Kaljo et al. 2007"
"295","Wadleigh, M. A., and Veizer, J. 1992"
"296","Barney, B.B., and Grossman, E.L. 2022"
"297","Bergmann, K.D., Finnegan, S., Creel, R., Eiler, J.M., Hughes, N.C., Popov, L.E., and Fischer, W.W. 2018"
"298","Bergstrom et al. 2010"
"299","Bauert et al. 2014"
"300","Wu et al. 2017"
"301","Thompson and Kah 2012"
"302","Buggisch et al. 2003"
"303","Edwards & Saltzman 2014"
"304","Miller et al. 2015"
"305","Peng et al. 2012"
"306","Saltzman et al. 2011"
"307","Zhu et al. 2004"
"308","Chang et al. 2017"
"309","Maloof et al. 2005, 2010"
