"age_Ma","d13Ca_2p5","d13Ca_25","d13Ca_50","d13Ca_75","d13Ca_97p5"
0.3,-7.40366648231624,-7.03315101866693,-6.84186976973299,-6.65006245869433,-6.27431870459436
1.3,-7.25841352927125,-6.88717952114497,-6.69851566825357,-6.50774743398876,-6.13287896632279
2.3,-7.05006840354038,-6.68931213798281,-6.49865029394497,-6.30667300705453,-5.94119667163631
3.3,-6.95071763762529,-6.58818045718294,-6.40063918115868,-6.20893572275065,-5.84126193510182
4.3,-6.954565904463,-6.59489089740325,-6.40515882930739,-6.21621371690902,-5.85298899444799
5.3,-6.87218304543407,-6.51186900581775,-6.32299726803637,-6.13451964744444,-5.7696522344154
6.3,-6.7758719997782,-6.41740548870409,-6.22943175718485,-6.04017628240444,-5.67450899221614
7.3,-6.53210214216651,-6.17152949070109,-5.98069601512224,-5.78790551039908,-5.42080946736346
8.3,-6.40144597227173,-6.04402508422093,-5.85210240843367,-5.6602154052373,-5.29888569956534
9.3,-6.26892781381818,-5.90996334438369,-5.71810734635581,-5.52567309632785,-5.16079555751316
10.3,-6.20858228112287,-5.84684147137163,-5.65469668936834,-5.46113324345996,-5.09091824760788
11.3,-6.05494250866949,-5.69068526630075,-5.49927899587855,-5.30635599894091,-4.94257547198618
12.3,-5.93410419694803,-5.57080810173356,-5.37827224259056,-5.1873463011431,-4.82062372557683
13.3,-5.7379490752252,-5.37848692050187,-5.18556644112028,-4.99451080293212,-4.62899725266451
14.3,-5.57969443567479,-5.21891652153057,-5.02493401209022,-4.83233810819086,-4.463354784698
15.3,-5.54444742833115,-5.19233086526708,-4.99834751275395,-4.80722968798444,-4.43671444248219
16.3,-5.81764911352841,-5.45877232311554,-5.26033219804822,-5.07194714198883,-4.70345473211354
17.3,-6.24426330200442,-5.88370834088444,-5.68920575745133,-5.49989879234905,-5.1300696843812
18.3,-6.47315234968386,-6.11035890692256,-5.91815710205185,-5.72462049154361,-5.35520266063621
19.3,-6.41523754122969,-6.04871187743875,-5.85598106338668,-5.66388129801886,-5.29690172870952
20.3,-6.32586830170861,-5.95755862341799,-5.7674069186285,-5.57395766782273,-5.20940114646066
21.3,-6.23249903030277,-5.8653390856363,-5.67451436505694,-5.48543634886921,-5.11738011042229
22.3,-6.00722059581148,-5.64097032665591,-5.44874487830245,-5.25867633660032,-4.88985101544176
23.3,-5.88111030230351,-5.51593998046154,-5.32656728685363,-5.13412194907462,-4.76951109856746
24.3,-6.01599919448206,-5.64981460439486,-5.46116218759332,-5.27068884710864,-4.90246650632677
25.3,-6.08419107737367,-5.72261976462538,-5.53220055446513,-5.34020642540776,-4.9745059899809
26.3,-6.07077190350159,-5.70991810683673,-5.52040225784185,-5.33021640811475,-4.95947146410629
27.3,-6.10260710694696,-5.7387843546679,-5.54980050070631,-5.35862825155538,-4.9908726825364
28.3,-6.07568783731697,-5.71686041588471,-5.52664139744764,-5.33661372452707,-4.96917314375593
29.3,-6.02365824591966,-5.66636415633007,-5.4750573825816,-5.28623333345837,-4.91984298885241
30.3,-5.97983955716164,-5.6158392997206,-5.42521226950804,-5.23321279462994,-4.86432268536049
31.3,-5.81152675385547,-5.45241779711622,-5.25668620818197,-5.06474139418937,-4.69470712070368
32.3,-5.66445559953216,-5.30948468047995,-5.11409675809756,-4.92370249745817,-4.55601736322334
33.3,-5.56965647304254,-5.2110466721787,-5.01975237021009,-4.82679350114706,-4.45914029458453
34.3,-5.67516973706053,-5.31526534169848,-5.12480885995938,-4.93334682680588,-4.56936887980766
35.3,-5.53648605379042,-5.17987877103465,-4.98947382603536,-4.79812116148127,-4.4319740059008
36.3,-5.28012530975804,-4.91634610970622,-4.72542109546767,-4.52961098816472,-4.16561934745841
37.3,-5.21822624538152,-4.85410071827479,-4.66198266092791,-4.46584423702399,-4.09594641294996
38.3,-5.24346995011233,-4.88106827361877,-4.68761372405007,-4.49369405476631,-4.12190480646962
39.3,-5.18022712006713,-4.81695638792715,-4.62332718789978,-4.43052239258786,-4.05138625423933
40.3,-5.15131230025936,-4.7915646866267,-4.60254775917831,-4.4084770892159,-4.03170220648308
41.3,-5.15375285425919,-4.79308041666401,-4.59871400197329,-4.40580154953418,-4.0367566892581
42.3,-5.17876295481803,-4.81339189572376,-4.62356645386811,-4.42673176348906,-4.06103594583244
43.3,-5.13623934371443,-4.76954790510533,-4.57770058352613,-4.38415989838647,-4.01422042617323
44.3,-5.11172802308562,-4.75340190211124,-4.56058529183082,-4.366296071383,-3.99428700641112
45.3,-5.08686231564158,-4.72440060330284,-4.53348748417323,-4.33963244569555,-3.9662326426407
46.3,-5.09980835620089,-4.73300626997046,-4.54100259529659,-4.34841855400225,-3.97383606741776
47.3,-5.04770396746811,-4.68614824554506,-4.49147884564868,-4.29740992365664,-3.93224417058612
48.3,-5.02974418841054,-4.66687744285193,-4.47430659745311,-4.28253479906458,-3.91292238438062
49.3,-5.04095172636212,-4.67883463175104,-4.48579539575923,-4.29428564880417,-3.92309099670898
50.3,-5.03863349770306,-4.67410023505823,-4.48201333719923,-4.28866826037265,-3.91772921668383
51.3,-5.24208172432028,-4.88013168264526,-4.68640721464513,-4.49266060208578,-4.12521389845241
52.3,-5.39382381684009,-5.0347125750835,-4.84248533553794,-4.6486594178755,-4.28040674676115
53.3,-5.39959370050324,-5.03827265924677,-4.84485576650224,-4.65428881856211,-4.28686954731345
54.3,-5.2426561675996,-4.87821553765689,-4.68619931446824,-4.49645118661232,-4.12354521456995
55.3,-4.76463329273886,-4.40367021375616,-4.21168364382359,-4.02003751026811,-3.65058827451058
56.3,-4.59362845837273,-4.23160377164283,-4.03917703330993,-3.84826086264038,-3.48082706461418
57.3,-4.15138390948947,-3.78492797839723,-3.59238147775351,-3.40088626840285,-3.03265694155569
58.3,-4.08833200096629,-3.72216157920505,-3.53075458337378,-3.33797603845984,-2.96892983676651
59.3,-4.13440421254263,-3.77226427824556,-3.58010415540735,-3.38765976066895,-3.01238610334274
60.3,-4.41167405794699,-4.05123679412203,-3.85556484942545,-3.66358695346148,-3.2930256600239
61.3,-4.92526313889386,-4.559769408821,-4.3658184011514,-4.17263593623154,-3.80017350893991
62.3,-5.19470488172157,-4.82553568756972,-4.63242498947841,-4.43648469905816,-4.06607185204663
63.3,-5.27376354277515,-4.91060714725846,-4.71533752988756,-4.51895413053766,-4.14767927923434
64.3,-5.25477814206653,-4.89075705742737,-4.69558619454165,-4.50112238964449,-4.12860619192274
65.3,-5.20434859779288,-4.84159809123599,-4.64522060840444,-4.45331873775407,-4.08366759920505
66.3,-5.16630823204806,-4.80301844015032,-4.60995871074468,-4.41711360959284,-4.04781077410906
67.3,-5.14736868476418,-4.78497987174753,-4.59168789848587,-4.39889428812554,-4.03132898170453
68.3,-5.11236563480182,-4.74509814664869,-4.55010997605737,-4.35349824186522,-3.98432381370306
69.3,-5.22741263696423,-4.8574829688086,-4.66273257420837,-4.46801547447705,-4.0963754942673
70.3,-5.35104872020523,-4.97794852122218,-4.78295655445678,-4.58700728657512,-4.20850277811127
71.3,-5.43326352362895,-5.05751206269709,-4.86261133433668,-4.664189542679,-4.27962175390208
72.3,-5.4900609925735,-5.10808968825511,-4.90863373280032,-4.71060808973035,-4.33246788555727
73.3,-5.43638786802853,-5.05325523273713,-4.85408923410549,-4.65709804971824,-4.27310956533188
74.3,-5.34051989547303,-4.96173772182054,-4.76434180079451,-4.56260500638193,-4.17939080859421
75.3,-5.31348315802057,-4.93027720194317,-4.73434485383119,-4.53263368768706,-4.14587358434703
76.3,-5.13535727479154,-4.74556091135832,-4.54685430362942,-4.34474849456485,-3.96275342758696
77.3,-5.12429875314337,-4.73646684482062,-4.53611229999513,-4.33074493120189,-3.9459003656097
78.3,-4.88606789567454,-4.48965282362332,-4.29037984012257,-4.08110866566546,-3.69845523003942
79.3,-4.8249934843132,-4.43197711039896,-4.23179216856502,-4.02294120393909,-3.63514665837048
80.3,-4.80888965678922,-4.41520618656462,-4.21127676837005,-3.99982663610675,-3.60978542208532
81.3,-4.87643156866023,-4.48517685687473,-4.2750652055707,-4.06726631440664,-3.67094192196534
82.3,-4.80384829646235,-4.40986752565577,-4.20073323269589,-3.98903510118208,-3.59219782706931
83.3,-4.78194494152541,-4.39056499953089,-4.18065369226019,-3.9650482889564,-3.57042926628539
84.3,-4.78153581215259,-4.38163131285729,-4.17470376098028,-3.96308275131648,-3.56834781772741
85.3,-4.82021776024723,-4.42301524831473,-4.21438223855953,-4.00146568495227,-3.60303127864885
86.3,-4.82574876940516,-4.43370472174678,-4.22375423488315,-4.01048641969376,-3.61077642604897
87.3,-4.85161421079327,-4.45335637959679,-4.24306034571514,-4.03121873408683,-3.62948669276545
88.3,-4.86118932656059,-4.45814360874115,-4.24868862017962,-4.03860480974893,-3.63817799486492
89.3,-4.76041699158754,-4.35785619774332,-4.14872421388039,-3.93863695299628,-3.54059918715719
90.3,-4.73690600034339,-4.33521674920081,-4.12595599763051,-3.91793347649489,-3.51624665978283
91.3,-4.66756728183938,-4.26698543544655,-4.05722691066401,-3.85069619179201,-3.45455328597596
92.3,-4.4484153540133,-4.04615786025821,-3.83566925379858,-3.62544406538405,-3.22118350579708
93.3,-4.23771021302041,-3.83001313259923,-3.62086237205896,-3.41422346939427,-3.00780354929983
94.3,-4.16394489767036,-3.75968463791187,-3.55486083016928,-3.3459951581935,-2.94295086487111
95.3,-4.40606524617267,-4.00444162004664,-3.79811086210921,-3.58938873073991,-3.18656380494493
96.3,-4.59162994975516,-4.19119609271548,-3.9794542385211,-3.77427323424784,-3.36965480255532
97.3,-4.78242014008735,-4.38104508878891,-4.17292981269348,-3.96681710729176,-3.56678535223027
98.3,-4.97245375669405,-4.56496641311955,-4.35625711307315,-4.15068215280471,-3.74867309032862
99.3,-5.00973875527194,-4.60158202192569,-4.39440000638976,-4.18706278121323,-3.78726073263115
100.3,-4.88099601215666,-4.47567816315784,-4.26865898499157,-4.05961078438532,-3.66565295968163
101.3,-4.87269757716566,-4.4651582125443,-4.2579368910449,-4.04700154061597,-3.65147823586427
102.3,-4.95529724105768,-4.55113175745485,-4.34247805366348,-4.13309644329168,-3.7367665194228
103.3,-4.97184072684735,-4.56301697691437,-4.35333937208198,-4.14307303637241,-3.74960843479782
104.3,-4.98233195882214,-4.5730301822755,-4.36567167056336,-4.15460061594527,-3.75528786433126
105.3,-4.86147053571254,-4.46329957372228,-4.2545396617615,-4.04374165504836,-3.64716933864276
106.3,-4.76001452680395,-4.35969733896159,-4.14896091406764,-3.94007568315103,-3.54004900555505
107.3,-4.74849274884952,-4.34941106093658,-4.14130197209105,-3.93090168116137,-3.5365926166775
108.3,-4.69643352840772,-4.29540998093665,-4.08476961069759,-3.87606338311171,-3.47757022941229
109.3,-4.66936157962695,-4.2628982367358,-4.05478349478924,-3.84434310542084,-3.44461254800677
110.3,-4.60871243178469,-4.20815552064259,-3.99974583378451,-3.79079243613376,-3.39117706318113
111.3,-4.60269717698977,-4.20348645102072,-3.99397394575469,-3.78575850620233,-3.38739991346588
112.3,-4.48101231187621,-4.0786399023157,-3.86532514720743,-3.65514971503744,-3.25425983541288
113.3,-4.29105201777167,-3.88495380690085,-3.6770284277459,-3.4631646631356,-3.0636108358554
114.3,-4.19719321029541,-3.79718717960472,-3.58716592233082,-3.3761725721143,-2.97797407489467
115.3,-4.00719802921134,-3.60098649506137,-3.39043105521908,-3.17904854474131,-2.77592716974999
116.3,-4.18084710150478,-3.77282551123261,-3.558274529177,-3.34644995796184,-2.93985445409915
117.3,-4.2449468133587,-3.83518257813748,-3.62150238659179,-3.40369900432296,-2.99595622059055
118.3,-4.22525725928585,-3.81568038239119,-3.6004886604919,-3.38990965343574,-2.97728001660256
119.3,-4.24311911815967,-3.83015893464413,-3.61742090115966,-3.4044131213481,-3.00172744326767
120.3,-4.52962018225778,-4.12017780433137,-3.90994145000659,-3.69487315335211,-3.28926300266594
121.3,-4.70216585318208,-4.29431949361233,-4.08614796063881,-3.87246152106065,-3.46841281398557
122.3,-4.70784114671749,-4.29893334677332,-4.08931208151326,-3.87844730388971,-3.47314908825975
123.3,-4.66526426797821,-4.26297971503138,-4.05019849968051,-3.83721900859056,-3.43906811186529
124.3,-4.85604229746307,-4.45120467923755,-4.24065178169482,-4.02344129754755,-3.62283487140131
125.3,-4.94769040597117,-4.53862018555913,-4.32665339099557,-4.11520477718175,-3.71200733376525
126.3,-4.9878717964409,-4.58401446186017,-4.3747036604092,-4.16224162329781,-3.75847606687697
127.3,-5.00131324887617,-4.598380649244,-4.38781267313735,-4.17680744385493,-3.76722502299169
128.3,-5.04287306301677,-4.64185051375582,-4.43259787386834,-4.21771326512606,-3.80950703542729
129.3,-5.11517288418075,-4.71339657389308,-4.50054925087917,-4.28466670067204,-3.88195324967117
130.3,-5.10707383176943,-4.70335300070092,-4.49238308218961,-4.27551230985283,-3.87219813988059
131.3,-5.03043122394266,-4.62678362359777,-4.41695319811649,-4.20005373854961,-3.79472852736889
132.3,-5.02982333606238,-4.61823785103765,-4.40956377682495,-4.19242848456162,-3.79093443562935
133.3,-5.04688031593653,-4.63790354698309,-4.42867944994544,-4.20878738342095,-3.80691996929304
134.3,-5.10337372421948,-4.69595983150226,-4.48269088988097,-4.26640309452558,-3.86957573093874
135.3,-5.54777999933446,-5.13924264470274,-4.92451821580872,-4.70936403236284,-4.31182693240868
136.3,-5.94201644592345,-5.5346753896131,-5.32151616588023,-5.10545908307464,-4.70579910916076
137.3,-6.01945275582245,-5.61241012143029,-5.40085790527492,-5.18305111946553,-4.78494358224127
138.3,-6.07850242748643,-5.67838234547772,-5.46415918416898,-5.25003119333468,-4.85220800796484
139.3,-6.11669963651503,-5.71301912625257,-5.49931820041702,-5.28447324401487,-4.88387049140867
140.3,-6.1957923847551,-5.79262848534855,-5.5817965316918,-5.36658544280298,-4.9580569426679
141.3,-6.31199224707389,-5.9059084194639,-5.69409610039332,-5.47880030518158,-5.0728618035106
142.3,-6.5243334997339,-6.11941372938905,-5.90500453802918,-5.69213619861465,-5.28870977869593
143.3,-6.61783984057782,-6.21129048148925,-6.00338784365212,-5.79082381192443,-5.39218962331633
144.3,-6.76284620313624,-6.35496426209036,-6.14575185713441,-5.93717883283102,-5.5330673329815
145.3,-6.84057726314654,-6.43800707099065,-6.22421293834896,-6.01698149387429,-5.61847050362028
146.3,-7.04242094820117,-6.64092550864368,-6.43093830820082,-6.2219543619924,-5.82947538841089
147.3,-6.71450067881437,-6.31211900544278,-6.1052942238487,-5.89805923175399,-5.50096591231369
148.3,-6.42335883820911,-6.01986246943174,-5.8098754360985,-5.60450321250738,-5.20632054929053
149.3,-6.29866311633997,-5.89389739142141,-5.68712992567322,-5.48018775725779,-5.0779954736529
150.3,-6.22952739530939,-5.83406485206674,-5.62483733225448,-5.41868796761447,-5.02129843205874
151.3,-6.14314292005442,-5.74002859887704,-5.53284421645074,-5.32647003027722,-4.93388042835474
152.3,-6.0445253485353,-5.64032542714697,-5.43735833925263,-5.23054458189412,-4.83618599179332
153.3,-6.1115706348252,-5.71137505903712,-5.50787895546953,-5.30432712811854,-4.9045586029762
154.3,-6.12720401475268,-5.72057982532178,-5.51552547366997,-5.31086217467649,-4.91428571936196
155.3,-6.03359839632387,-5.62968296732393,-5.42653213095638,-5.21954198166522,-4.83112294176609
156.3,-5.92200596809105,-5.51648398964272,-5.31355235791458,-5.10659087595449,-4.71339631710171
157.3,-5.82228508028039,-5.420828466,-5.21743227995424,-5.01175570785916,-4.61336389514637
158.3,-5.77040229399511,-5.36658455608707,-5.16562835776956,-4.95643642064829,-4.55916373576288
159.3,-5.86503337598931,-5.45544014542287,-5.24951365113681,-5.04133739937854,-4.64437653618887
160.3,-5.76035494412279,-5.35609237186081,-5.14729377938231,-4.9395727673074,-4.5446415326468
161.3,-5.63239403754677,-5.23591505968609,-5.02854585614563,-4.82369343822771,-4.42675067480931
162.3,-5.68428938016395,-5.28697906761568,-5.08123990239145,-4.8731939157091,-4.47704547332143
163.3,-5.87259568288895,-5.47450247753986,-5.26592283387758,-5.06108222023365,-4.65750771802408
164.3,-5.92104562509688,-5.52298142401241,-5.315780745825,-5.1111421547628,-4.70759460388521
165.3,-6.13154239094355,-5.73555474790134,-5.52932718701925,-5.32401965226854,-4.92166015764336
166.3,-6.12442213507454,-5.72338495993004,-5.51689794841049,-5.31264910674224,-4.91228032935227
167.3,-5.97126668917374,-5.57063979700548,-5.36657589057385,-5.15876928924991,-4.75734996075541
168.3,-5.89413267788611,-5.49549594752098,-5.29071220974889,-5.08384482440097,-4.68419208423659
169.3,-5.50430712451538,-5.10675647383169,-4.90023499230018,-4.69384359103003,-4.29721534631771
170.3,-5.34414102670998,-4.94609070271893,-4.7387482950997,-4.53277214946349,-4.13565972897151
171.3,-5.35179271073499,-4.95248832822988,-4.74348722641396,-4.53855631371562,-4.1391459467206
172.3,-5.33615986042753,-4.93097725943609,-4.7262966603685,-4.51565137260288,-4.11859231135468
173.3,-5.30845017343004,-4.91109341317879,-4.70385837750934,-4.49339632565042,-4.0939130538899
174.3,-5.32143305177051,-4.9234655930972,-4.7169622693878,-4.50951451744624,-4.1110266606017
175.3,-5.34592391097323,-4.9510227722536,-4.74516759350142,-4.5375018377943,-4.14468734404721
176.3,-5.22910719299516,-4.83495959850934,-4.62912948876947,-4.4211931350024,-4.0290745910708
177.3,-5.00717861280747,-4.61441237450174,-4.40713314454547,-4.19874814784118,-3.80438192475365
178.3,-4.75074014330725,-4.35722072279567,-4.15353620676416,-3.94620825166454,-3.54977488083088
179.3,-4.62132155241542,-4.23556776164086,-4.03100398477332,-3.82322653487234,-3.42627810858501
180.3,-4.55692554448291,-4.17072640113157,-3.96891274167901,-3.7610597653232,-3.36522424434187
181.3,-4.278985828993,-3.89153631018081,-3.68823034488499,-3.48146814347308,-3.08486262273918
182.3,-4.14280391124872,-3.75890773081213,-3.55447905082611,-3.34502910184494,-2.95327792979995
183.3,-4.54818367879026,-4.15595304588229,-3.95392410990452,-3.75006621555909,-3.35301531202685
184.3,-4.80992596177347,-4.4124556645497,-4.20833860209383,-4.00410518635355,-3.60712717321694
185.3,-4.950495885694,-4.55880329267584,-4.34943483504728,-4.14732875007836,-3.74758884268539
186.3,-4.98870890895135,-4.59056362006117,-4.38219768351344,-4.17373049634728,-3.78168675515629
187.3,-5.03767428715308,-4.63986828251445,-4.43241996381288,-4.2239384892382,-3.83267761582243
188.3,-5.07036815555771,-4.67361135745924,-4.46363312855715,-4.25739853177771,-3.86117447814609
189.3,-5.1617336981703,-4.76375502113942,-4.55415422665524,-4.34752077927339,-3.95215081369927
190.3,-5.24729227629113,-4.85160736658836,-4.64326279978378,-4.43629560172077,-4.04374852590975
191.3,-5.56038805934822,-5.16616564760825,-4.95797005904907,-4.74857148452326,-4.3525195529285
192.3,-6.07190909042793,-5.67334797792023,-5.46519146164162,-5.25696993895314,-4.86313668809573
193.3,-6.66584301358491,-6.2734617441401,-6.06267970611984,-5.85588326987756,-5.46094788190579
194.3,-6.33315192063177,-5.93666113481917,-5.72721086590281,-5.51667335642236,-5.12892138487728
195.3,-6.11558551114854,-5.71519223337559,-5.50488363397279,-5.29656653476011,-4.89905963640556
196.3,-5.98452164859882,-5.5815819300078,-5.3742249187089,-5.15931927038569,-4.76146083749527
197.3,-5.83609864083166,-5.4378555366083,-5.2317828310539,-5.02066146484098,-4.62077584087152
198.3,-5.96999991091334,-5.57212254983515,-5.36611189472068,-5.1530863030109,-4.75502404129403
199.3,-6.0353100440777,-5.63923298197925,-5.43011286579191,-5.22402738416377,-4.821930725313
200.3,-5.73457704265374,-5.34176307971446,-5.13208984187026,-4.92362791447259,-4.52948497255667
201.3,-5.26139203004832,-4.8687082630881,-4.66596949693109,-4.45878201529002,-4.06587985409014
202.3,-5.51703422511857,-5.1226399386635,-4.91887568870895,-4.71015462645723,-4.31732628908424
203.3,-5.85518003811378,-5.46079907042048,-5.25210723263704,-5.04697744952677,-4.65263197823459
204.3,-5.88507621710284,-5.4911571953484,-5.28403212049355,-5.07786406511496,-4.68125469533779
205.3,-5.92496573175958,-5.52466682744381,-5.31610088247041,-5.1085276166147,-4.71482381178053
206.3,-5.95322300765494,-5.54598384404565,-5.33279012083662,-5.12315926523636,-4.72436173950444
207.3,-5.97285472009835,-5.55780159815412,-5.34827965426846,-5.13851722421915,-4.73729762125782
208.3,-6.00426156896865,-5.59314723844205,-5.38385073221226,-5.17550316368964,-4.77229115479158
209.3,-6.15547266653792,-5.75083352877647,-5.53976365809747,-5.33741208227162,-4.93638435769176
210.3,-5.92550766131154,-5.52464366543929,-5.3118262364387,-5.1059394653842,-4.70424170632576
211.3,-5.75963039453003,-5.36153459558736,-5.15100981495879,-4.93975537479517,-4.54335867463029
212.3,-5.62333953228353,-5.22314486743022,-5.01542907110488,-4.80288061989489,-4.40557324702481
213.3,-5.54885022401363,-5.14940640319997,-4.94322034288156,-4.7338002365498,-4.33465337716935
214.3,-5.53316230919202,-5.13961662436669,-4.93084613172909,-4.72156557566204,-4.32171255143688
215.3,-5.54617517900496,-5.14741581404489,-4.93889564416827,-4.72893516073661,-4.33148716459994
216.3,-5.53220326632504,-5.1358654532119,-4.9265211325438,-4.7179811252641,-4.32082088849053
217.3,-5.2985662416197,-4.89786524979725,-4.68745972658825,-4.47496288582373,-4.08134407472305
218.3,-5.13880844722941,-4.73778894096862,-4.5250359616335,-4.31431346086824,-3.90875727598041
219.3,-5.12511209362244,-4.72164422730102,-4.5054270334969,-4.29641655354544,-3.88437909932478
220.3,-5.16581031230713,-4.7581650423247,-4.54430613766639,-4.33829067201034,-3.92582790359003
221.3,-5.26472453287116,-4.85244521278437,-4.64068912259783,-4.43336428549517,-4.02335966842471
222.3,-5.43598898292658,-5.03423112627712,-4.82284551145356,-4.61598985470604,-4.2054277894189
223.3,-5.05569485258079,-4.64767470582935,-4.43220494612411,-4.22488159975978,-3.81794473472604
224.3,-4.87070941638236,-4.46574170817113,-4.24991795277595,-4.03785067488911,-3.63184405873023
225.3,-4.73179832034365,-4.32602717663575,-4.11072888239057,-3.89807162838618,-3.48894051603382
226.3,-4.62134154860093,-4.21639891094189,-4.00055330811322,-3.78436611860511,-3.37614226350025
227.3,-4.56061071031939,-4.15549044452244,-3.94057345144821,-3.72727052054275,-3.31828888265754
228.3,-4.48701274989338,-4.08028494372936,-3.86449900308717,-3.65172707026405,-3.23892457119542
229.3,-4.46523053447657,-4.05542936439348,-3.84172435274569,-3.62830018348504,-3.21738549336565
230.3,-4.47127445594975,-4.06116164840802,-3.84968261145275,-3.6357142585698,-3.22524847159451
231.3,-4.59923660105304,-4.19445895496133,-3.97900659286187,-3.76817844798872,-3.3548358525934
232.3,-4.75953019943158,-4.35351558523448,-4.1375551655814,-3.92562129533846,-3.50965115520179
233.3,-4.74564331521994,-4.3351247031612,-4.11830014129148,-3.90462363046239,-3.49223623971289
234.3,-4.66309442340088,-4.25239764127982,-4.03465826249803,-3.82209267173345,-3.40932141929336
235.3,-4.55782058565143,-4.14582945488183,-3.92824103691724,-3.7197568631462,-3.30606231172351
236.3,-4.57083968661094,-4.1648336007092,-3.94669719142306,-3.73764107712092,-3.3243734966258
237.3,-4.70546853839473,-4.29496306131931,-4.0769598834214,-3.86496131229199,-3.45180290873806
238.3,-5.08438858911584,-4.6755490240637,-4.45994473603777,-4.24794137765743,-3.8323530429565
239.3,-5.441363981649,-5.03492883046065,-4.82120612603024,-4.60809740912227,-4.20464824189727
240.3,-5.40903552474844,-5.00775088394854,-4.78972101886406,-4.57442993526719,-4.17136425512972
241.3,-5.47683356901946,-5.06722355651672,-4.84965576224845,-4.63217253959299,-4.22493672305843
242.3,-5.44593721332065,-5.03805224051667,-4.82417139020386,-4.61126187591955,-4.20567187558994
243.3,-5.32266715620248,-4.91943477156011,-4.70485337635401,-4.48881520085156,-4.08387509356172
244.3,-5.25930676299484,-4.85413727751855,-4.64351717385652,-4.42716471851386,-4.02260368265972
245.3,-4.91457700122871,-4.51328123523224,-4.30460741499024,-4.08991583533428,-3.68777006142824
246.3,-4.69957332703674,-4.29484205250937,-4.08568165649055,-3.87437922257852,-3.46869252481447
247.3,-5.10561009626642,-4.70424978267904,-4.49361353667156,-4.28176681954219,-3.88465552593455
248.3,-5.46414629546832,-5.06359326596781,-4.856544816496,-4.64368619589155,-4.24525773564293
249.3,-5.29363889678105,-4.89391895818808,-4.68601053105719,-4.47865752956981,-4.08180063378957
250.3,-4.92291216464732,-4.52046567049785,-4.31274251181193,-4.10216525881828,-3.70420329025501
251.3,-4.87264930105649,-4.48191060174185,-4.27506023734467,-4.06543941773031,-3.67096882905861
252.3,-4.71449796144806,-4.32248373948191,-4.11665101597019,-3.910657739219,-3.52196293037098
253.3,-4.41864470302005,-4.02297551375171,-3.81492636921597,-3.60559121422999,-3.21516437109712
254.3,-4.15657506293064,-3.75914714873439,-3.55060490497358,-3.34375191331238,-2.95213104515991
255.3,-4.03125659447706,-3.64099953176612,-3.43585239742323,-3.22998304327915,-2.83709380785283
256.3,-4.09922181269062,-3.70980252657669,-3.50441553099161,-3.30104777412049,-2.90450535491134
257.3,-4.1628511482573,-3.77093709260065,-3.56477593084869,-3.35997185086633,-2.96644736499052
258.3,-4.07496493005366,-3.68443651960557,-3.47866738054155,-3.27027167062759,-2.87921282773775
259.3,-4.17812561916449,-3.78541989369281,-3.5812868266561,-3.37228016256156,-2.98090901505473
260.3,-4.46534077465761,-4.06847597072742,-3.86543332734456,-3.6593644992784,-3.26353016695358
261.3,-4.58872551228005,-4.19020588941876,-3.98737333886863,-3.77979789629743,-3.38460585367334
262.3,-4.21910423397463,-3.82613028216453,-3.62136023848859,-3.41252117157706,-3.01538648127692
263.3,-3.9346656211226,-3.53673316017075,-3.33403514264013,-3.12576933881816,-2.73135471240228
264.3,-3.9013448352533,-3.50656094878836,-3.30179767095018,-3.09537626168258,-2.69238448502264
265.3,-4.02720034254883,-3.62526875959598,-3.41763335110113,-3.20863371244064,-2.80652450350171
266.3,-4.2518810371946,-3.86088681186083,-3.65123612369843,-3.44360929946812,-3.04595920863084
267.3,-4.43186361873675,-4.03684670317665,-3.83196868417387,-3.62020377799822,-3.22595901055399
268.3,-4.93435823819588,-4.53869030534389,-4.33175418864105,-4.11901832609185,-3.73129709081624
269.3,-4.6859943381772,-4.29312214080642,-4.08602658022796,-3.87697484921314,-3.48087045652998
270.3,-4.73232504698359,-4.33187229701077,-4.12604843525112,-3.91398338848854,-3.51835696062688
271.3,-4.97841817605004,-4.58393006766568,-4.37595976961788,-4.16784931668181,-3.77456789879352
272.3,-5.1709274016695,-4.77632201425907,-4.56738660838707,-4.35906152708824,-3.96358031622459
273.3,-4.7190233872227,-4.3173891160138,-4.10899782107246,-3.89756335415994,-3.49989049127465
274.3,-4.22992052280688,-3.82109106480155,-3.60943154342091,-3.39759121767925,-2.99771966151736
275.3,-4.01326189194464,-3.60680481830301,-3.39394670837717,-3.17984980620142,-2.78012395398085
276.3,-3.94046476076675,-3.54005359639292,-3.32809261912205,-3.11755899928834,-2.72273906895254
277.3,-3.93822145216349,-3.53568583791321,-3.32633510839709,-3.11719649570029,-2.72598801698713
278.3,-3.77357290466894,-3.37788625888059,-3.16936986749471,-2.96319340406529,-2.57320592369339
279.3,-4.18895504338989,-3.79304771986063,-3.58471804966661,-3.3762766333339,-2.97423430886438
280.3,-4.64745983903874,-4.24871453789193,-4.04281085209962,-3.83121230570553,-3.43537956339312
281.3,-4.82883304066269,-4.42922778072465,-4.21997641515361,-4.01285064415634,-3.6153937722442
282.3,-4.67165919624181,-4.27215825367504,-4.06334546519734,-3.85601614578646,-3.45990629565395
283.3,-4.94817660699186,-4.54569076523849,-4.33728232691181,-4.12754303586559,-3.7265561708596
284.3,-5.32659224864359,-4.92024699744183,-4.71298671327176,-4.50204292829419,-4.10275555918325
285.3,-5.42321958023225,-5.02369990374562,-4.81386194636326,-4.60660580027604,-4.20265436925163
286.3,-5.13754099804521,-4.7367428000991,-4.52749470760026,-4.31711188889405,-3.91069925121628
287.3,-4.94556901617087,-4.5481741599009,-4.34034265547342,-4.12979848648972,-3.72607368202584
288.3,-5.18197978087416,-4.79037627440554,-4.58431830024363,-4.37269995031397,-3.97718244035829
289.3,-5.06943505584594,-4.67245766572681,-4.46212466727986,-4.24982306398209,-3.85250253655604
290.3,-5.00513758448966,-4.60605277860603,-4.39544953643812,-4.18548312706133,-3.78330796744976
291.3,-5.1699220917565,-4.76709628956772,-4.55776379942729,-4.34653598038573,-3.94421737192589
292.3,-4.46194358297835,-4.06311018329798,-3.85344815370035,-3.64021572817641,-3.24073682785323
293.3,-3.84370998028157,-3.44125308001328,-3.23079995395589,-3.01721451402144,-2.61607705931603
294.3,-3.55209270276544,-3.15194409913429,-2.94382577526223,-2.73060294318005,-2.33059690013187
295.3,-3.36072587456034,-2.96236659962497,-2.75176508811059,-2.5428437270431,-2.14475724767976
296.3,-3.27049827050726,-2.88016443106218,-2.67225741721093,-2.46431530667543,-2.06388896952725
297.3,-3.44423143472844,-3.05356280600632,-2.84511908723253,-2.63626380129966,-2.23609451738378
298.3,-3.53265911213734,-3.13055267031818,-2.92534971788918,-2.71303900565225,-2.31773735595412
299.3,-3.63915233128519,-3.241449003699,-3.03740494551316,-2.82920333954058,-2.4376728501688
300.3,-3.87745666702759,-3.48924436662748,-3.28118393026468,-3.07433522855369,-2.68348459942061
301.3,-3.75902815379902,-3.37696645166797,-3.16867840931017,-2.9614992175495,-2.56497056524592
302.3,-3.88211864542272,-3.49917861358799,-3.29381680835913,-3.08662531522032,-2.69147415521832
303.3,-3.97634417963355,-3.59785519721901,-3.39328921393947,-3.18919409718539,-2.79261540350288
304.3,-4.00925611228711,-3.63434221532856,-3.42841996614373,-3.22294211089617,-2.83334099944795
305.3,-3.98766639259961,-3.60822965477137,-3.40041942119188,-3.19749569076506,-2.80294043433447
306.3,-3.89744168597352,-3.52393978711148,-3.32136085366718,-3.11421807858325,-2.72035762226278
307.3,-3.47964093278451,-3.09911526651873,-2.89775166017633,-2.69049903507922,-2.29726397977344
308.3,-3.63722075365458,-3.25192851943755,-3.04730033205761,-2.84057900609928,-2.44887429877223
309.3,-3.94520984070634,-3.5622762861482,-3.3560742720286,-3.14872148869133,-2.75376585144174
310.3,-3.8489326011015,-3.45811048065549,-3.25285416134089,-3.04556697327824,-2.64439581242485
311.3,-3.66648315194289,-3.27934457774907,-3.07434738424179,-2.8672957599127,-2.47157438617004
312.3,-3.69165914612411,-3.30280605976468,-3.09780958970756,-2.89322866048252,-2.49975343329851
313.3,-3.92222936417128,-3.52976417591062,-3.32621180716283,-3.12122335933993,-2.72626529080711
314.3,-3.97517171418127,-3.57621414993015,-3.37187214082583,-3.1648348804247,-2.76900099540131
315.3,-3.83650866910407,-3.43572269106656,-3.23272537132817,-3.02394545129268,-2.62807484707083
316.3,-4.05423631564669,-3.65824685173348,-3.4503778724858,-3.24737903360574,-2.84668187691757
317.3,-4.10809093034617,-3.70892249825565,-3.50324635389886,-3.29742430692419,-2.89524394863282
318.3,-4.26958053516424,-3.8738961067104,-3.66417632726084,-3.46003001237602,-3.05637260333977
319.3,-4.34051848615922,-3.94093949892965,-3.7328877704539,-3.52332497817129,-3.11881607435381
320.3,-4.43959854850045,-4.03884326039398,-3.83231774033585,-3.62606657686515,-3.22682768639904
321.3,-4.57199302855742,-4.17368447358077,-3.96824804801642,-3.76119461729861,-3.36376588358194
322.3,-4.89251563271671,-4.49926442293442,-4.29586174254199,-4.08752358887198,-3.6935901551254
323.3,-5.45115162860471,-5.05469735099131,-4.84967266902238,-4.64493606643124,-4.2488848286993
324.3,-6.02298909206388,-5.62861050319485,-5.42446323717608,-5.21759002711031,-4.82470339825814
325.3,-6.16431348749624,-5.77117571997469,-5.56615339264334,-5.36233113570765,-4.96498106896718
326.3,-5.81179444146132,-5.41653726996053,-5.20839657837365,-5.00152880185247,-4.61014922136247
327.3,-5.43985944461382,-5.04627037334684,-4.84102369234688,-4.63466361084699,-4.23862594541573
328.3,-5.28490072490856,-4.88794262340788,-4.68415224341134,-4.47916052317065,-4.08055570062418
329.3,-5.35830201259204,-4.96273792683667,-4.75705567955438,-4.55032375312209,-4.1536167370051
330.3,-5.45106620251741,-5.06084089233088,-4.85523702415501,-4.64747513252843,-4.25377113553216
331.3,-5.4195411594344,-5.03437865599303,-4.83210607439746,-4.62952549907515,-4.23139272371382
332.3,-5.55938586669251,-5.17277932336642,-4.97076354881249,-4.76333595593017,-4.36872527465687
333.3,-5.6679906337191,-5.27887998312251,-5.07693909547553,-4.86828852230632,-4.47079734240411
334.3,-5.71842191179325,-5.33353148904974,-5.12956806975713,-4.92025056109911,-4.52831640171239
335.3,-5.74940682514556,-5.3563741720613,-5.14793258202271,-4.93615065731915,-4.54061610687011
336.3,-5.26139270120703,-4.86694106149731,-4.6576397083697,-4.44663578846565,-4.04672861939034
337.3,-5.31085420181054,-4.91726497899449,-4.7082800906968,-4.49575026900475,-4.09282931489437
338.3,-5.19854223852197,-4.80480456481864,-4.59441472170184,-4.38348971804086,-3.97622236393627
339.3,-5.0663555839585,-4.67694404315933,-4.47003371433111,-4.26030281402867,-3.85016083628416
340.3,-5.212858996007,-4.81194317982162,-4.60184436500568,-4.39083709829658,-3.97728170352902
341.3,-5.24258359349689,-4.84483656791541,-4.6371501133707,-4.42305160077233,-4.01920334754144
342.3,-5.39825273709458,-4.99945039884397,-4.78869729598543,-4.57480264962474,-4.17002763459397
343.3,-5.6461045052175,-5.24558416580458,-5.03337485866967,-4.82148470914336,-4.41914021891149
344.3,-5.7605670718169,-5.36368773158108,-5.15141526403822,-4.93942394349111,-4.53198256159801
345.3,-5.79442287739567,-5.39122457339841,-5.17798455544836,-4.96682200616812,-4.56358549369702
346.3,-5.69718916865716,-5.2938891061515,-5.08615089369057,-4.87194140258937,-4.46914722359069
347.3,-5.46722525045227,-5.07514448037665,-4.86366754346523,-4.65385409353847,-4.24959783943877
348.3,-5.19785487669462,-4.80009615972526,-4.59612962101246,-4.38770634195896,-3.98411754393429
349.3,-5.04677226994777,-4.64637327949462,-4.43995744787203,-4.23284233669934,-3.83217665673624
350.3,-4.97313540515809,-4.58115351350015,-4.37565727884543,-4.16850056956858,-3.77707489743567
351.3,-4.71715325160151,-4.32207081249009,-4.11499074449241,-3.91033819309166,-3.51868492467287
352.3,-4.56893664958825,-4.1775739942699,-3.97277939740749,-3.76602321474944,-3.37762537028814
353.3,-4.32319229937548,-3.93249452167846,-3.72983175392427,-3.52225866401847,-3.12666897053918
354.3,-4.12950817837563,-3.73405760630377,-3.52921760276401,-3.32235573362394,-2.92522434708348
355.3,-4.22561013999608,-3.82714653655786,-3.62529611883431,-3.4188236378376,-3.02026743955103
356.3,-4.3649195374926,-3.97030887798725,-3.76881971617954,-3.55882763610093,-3.16428658739308
357.3,-4.39686251089163,-4.00101319844454,-3.79549296666783,-3.58692279656291,-3.19463378013484
358.3,-4.43319391050473,-4.03707854475768,-3.82896545662876,-3.61893181057605,-3.22889788156906
359.3,-4.43859763871506,-4.04382481586575,-3.83590703577374,-3.62878375036541,-3.23399685220774
360.3,-4.71010748954064,-4.32016096902564,-4.11122292872336,-3.90280431764021,-3.50563613544576
361.3,-4.8010902056928,-4.40414365041989,-4.19711174891554,-3.9875292496137,-3.58506023137643
362.3,-4.86765747696283,-4.46699315594593,-4.25961836149915,-4.04958801737137,-3.64315283912342
363.3,-4.90461893678212,-4.50576361114877,-4.29524725717593,-4.0861042484019,-3.68749090111463
364.3,-4.94340787883221,-4.53817010035413,-4.32947663962507,-4.1170810476789,-3.71595011881353
365.3,-5.0065693274756,-4.60978260737881,-4.39750915388109,-4.18658813051319,-3.79009161511446
366.3,-5.12720096606213,-4.73480368089087,-4.5245632361175,-4.31203481320342,-3.916740997592
367.3,-5.26503765476227,-4.87655332700634,-4.67001033446287,-4.46190232459893,-4.06103875857217
368.3,-5.29120881584809,-4.90131781170435,-4.69176045805139,-4.48510603576131,-4.08622462989188
369.3,-5.2689768746888,-4.87398747807473,-4.66776036168127,-4.46011695215868,-4.06709518477346
370.3,-5.33090221552802,-4.93941141553748,-4.7362936005575,-4.52817507789529,-4.14007516516193
371.3,-5.54062770427635,-5.15075714598867,-4.94468542794046,-4.7377654006553,-4.34713791662723
372.3,-5.7464131324721,-5.35202633635972,-5.14785595531029,-4.94144496394237,-4.54533098452241
373.3,-5.96669637509439,-5.57375353778448,-5.36750014638524,-5.16139029519154,-4.7639304781866
374.3,-6.01435183737391,-5.61453176958259,-5.40828085079004,-5.19975344078755,-4.80665616832623
375.3,-6.00221091216148,-5.61087236944217,-5.40069361653453,-5.1924194758206,-4.79376204599007
376.3,-6.07962698014032,-5.68749565943181,-5.4805427125567,-5.27085744311044,-4.87704516534303
377.3,-6.11656222356493,-5.71764736969538,-5.51111519398488,-5.30215104701523,-4.9070251205621
378.3,-6.15162331103967,-5.75631338715045,-5.54737433995898,-5.34150636216676,-4.95178276387516
379.3,-6.30059812549376,-5.90074302666994,-5.69240675364851,-5.48429518179755,-5.09472432840064
380.3,-6.48517798147562,-6.09266341839855,-5.88638064642064,-5.67503880476431,-5.28323198674496
381.3,-6.48985721407842,-6.08923327007424,-5.88311490876654,-5.67478970425485,-5.28385835797387
382.3,-6.335918564775,-5.93413769245019,-5.7273205428946,-5.51901660576613,-5.12736038763223
383.3,-6.28273007968879,-5.8847775589816,-5.67893779042302,-5.47112022169777,-5.0764747658008
384.3,-6.28855212850454,-5.88793610606058,-5.68318902878501,-5.47479614409334,-5.08078809228534
385.3,-6.41642348527497,-6.01861665088987,-5.80771946421303,-5.60108333709835,-5.20177585797373
386.3,-6.55336757756974,-6.14988721185715,-5.93927625375284,-5.73266200419844,-5.33074258087759
387.3,-6.66208019889411,-6.26260453123603,-6.05470336619847,-5.84707133808457,-5.44532394980889
388.3,-6.60253177887514,-6.2064223576565,-5.99655367627826,-5.7906963486676,-5.38393669628673
389.3,-6.39715597968125,-5.99328704845954,-5.78580211043453,-5.57844399427571,-5.17414155501747
390.3,-6.30016814901437,-5.89482161821837,-5.68698613080686,-5.48074281738768,-5.08072776182963
391.3,-6.3730364042502,-5.97534248468943,-5.76754811066969,-5.56248681426911,-5.15474634168632
392.3,-6.56240183633018,-6.16275449254585,-5.95326061872559,-5.74763639276811,-5.34339925726922
393.3,-6.75754800634458,-6.36389474516043,-6.15792282054729,-5.94675805665281,-5.54969571467886
394.3,-7.00730400828343,-6.61374006850079,-6.40823170271895,-6.1981574016652,-5.8002414515947
395.3,-7.2300438754986,-6.8390637626713,-6.631996565377,-6.42238404362362,-6.02151540642982
396.3,-7.39773185804434,-6.99891609876834,-6.79172019491176,-6.5803591338655,-6.18156742258457
397.3,-7.51186708798794,-7.12324263937928,-6.91548677868256,-6.70821922222133,-6.30981461270556
398.3,-7.74950519824624,-7.35509067267179,-7.14891798856528,-6.94152738443374,-6.54434412628697
399.3,-7.75503624985702,-7.36511044905196,-7.15536507147983,-6.94926642075933,-6.54373566861581
400.3,-7.65976786394892,-7.2674993082761,-7.05920935351279,-6.85286118793122,-6.45091401621162
401.3,-7.59817665073129,-7.19830178000332,-6.98811333786116,-6.78092440711532,-6.37517106633412
402.3,-7.55164072110979,-7.14704972541812,-6.93762084014488,-6.72609630020425,-6.3230003721909
403.3,-7.48105883091571,-7.08485633051682,-6.87297001539119,-6.6618131156371,-6.25416259203744
404.3,-7.40222074931972,-6.99780177270265,-6.78416909143817,-6.57103382421771,-6.16423852351197
405.3,-7.28675961904917,-6.88103608341148,-6.66537145065635,-6.4539607968542,-6.04788195462967
406.3,-7.11573088427291,-6.7068203143126,-6.49423668877901,-6.28466132410165,-5.87120125063301
407.3,-6.86867955648755,-6.46164567870644,-6.24859016678765,-6.04229740892843,-5.63527568598526
408.3,-6.71132902344567,-6.30785456825924,-6.09324792306655,-5.88447125647035,-5.47135034653672
409.3,-6.54435357039272,-6.14882725669701,-5.93499462284881,-5.72472379917412,-5.3095807033068
410.3,-6.4331584016328,-6.03226597104235,-5.82255630796465,-5.60927854688443,-5.2036998656611
411.3,-6.47838212175304,-6.07383861585806,-5.86230751555533,-5.64786924361858,-5.23667206414378
412.3,-6.54870160147182,-6.14352220743773,-5.93148406834051,-5.71662686162274,-5.30985276054442
413.3,-6.61291089653693,-6.20480777925924,-5.99017156431993,-5.77172122425931,-5.36288267127205
414.3,-6.70010494112953,-6.29693651533251,-6.08194738550693,-5.86308837661951,-5.45296227690806
415.3,-6.80982578220645,-6.40150120288822,-6.1882641704951,-5.97322584743892,-5.56002873085542
416.3,-6.818903559687,-6.41085630544915,-6.1926115857635,-5.98126643891705,-5.56522263588214
417.3,-6.63026722994815,-6.21828676550947,-6.00075535609895,-5.78882779112952,-5.37653298431797
418.3,-6.38076073336808,-5.97460975722073,-5.75975466028324,-5.54904717056902,-5.1396703000676
419.3,-6.27989924530559,-5.87535978505473,-5.66427069307758,-5.45190686661667,-5.04506830169291
420.3,-6.28009431141069,-5.87509689140821,-5.66425454704613,-5.45013237691735,-5.04692931631241
421.3,-6.24245075284803,-5.83165294333484,-5.618245722722,-5.4047386213984,-5.00396474457093
422.3,-5.97921181942715,-5.56708889138422,-5.35631676563578,-5.14415061958555,-4.74625348650585
423.3,-4.91147416896443,-4.50237174589168,-4.28852721669186,-4.07750942044078,-3.68097525637913
424.3,-5.17145336139554,-4.76166847644636,-4.54661472652652,-4.33155288742324,-3.93129341728192
425.3,-5.49873477915785,-5.08271819359787,-4.87025181920357,-4.65366971696209,-4.25627585696859
426.3,-5.73834341728216,-5.33269012524644,-5.11996183160677,-4.90489291996965,-4.49912495825054
427.3,-5.83214691909778,-5.42178095735054,-5.20735011845479,-4.99818437840453,-4.58942341655345
428.3,-5.96339162212286,-5.544467875061,-5.3335733520166,-5.12699072439896,-4.71682646081861
429.3,-6.1795903984887,-5.75807010380372,-5.549564329918,-5.33398622391377,-4.92658129189561
430.3,-6.00448500622374,-5.58497395304076,-5.37282817413461,-5.15846096037204,-4.74287762994562
431.3,-5.62894763178179,-5.20944286828444,-4.99575104512884,-4.78300833195551,-4.36339707910415
432.3,-4.95498301408359,-4.54256539049295,-4.33160500554163,-4.11693221796504,-3.70769189226588
433.3,-5.18067267636768,-4.76229216891194,-4.54938341033748,-4.33408924452172,-3.92367379453344
434.3,-5.27885023685642,-4.85812750544805,-4.64218692992683,-4.42715666503724,-4.01319182246419
435.3,-5.30181243356017,-4.87994402281404,-4.66470685220259,-4.44874969190259,-4.03589530806744
436.3,-5.29441620124876,-4.86951617023431,-4.65400905364402,-4.43883263256261,-4.02158031784999
437.3,-5.39406654988386,-4.97671164376918,-4.76390061612122,-4.54633113008787,-4.12951947496287
438.3,-5.40479506667502,-4.98728980495534,-4.77064354845687,-4.55202149812924,-4.13132902951176
439.3,-5.43601489702833,-5.00787121317647,-4.78921814139053,-4.56945464474098,-4.15507052300295
440.3,-5.39950300875065,-4.97538900201433,-4.75741109824282,-4.53958282837174,-4.12210265434215
441.3,-5.36207145345792,-4.93947907713326,-4.72314085380502,-4.50518425867081,-4.08634396643433
442.3,-5.16693610818022,-4.75430015130624,-4.53873216612899,-4.3158625326926,-3.90350989783568
443.3,-4.81462801109161,-4.40232555733796,-4.18806112910528,-3.97137673482081,-3.55949886727745
444.3,-4.72754020849831,-4.32362450030413,-4.10837744656625,-3.89202689348448,-3.48121385775588
445.3,-5.24628637523718,-4.8370959175472,-4.62525624033264,-4.40815410460284,-4.00084870371878
446.3,-5.72960690460465,-5.32021246211649,-5.10669955157594,-4.89014397078403,-4.48452930365649
447.3,-5.91087888744265,-5.50647887330998,-5.29319630650795,-5.07916340995899,-4.67204544531097
448.3,-5.91255284934307,-5.51171496433389,-5.29576722668164,-5.07998704803896,-4.67318790365311
449.3,-5.99495423517187,-5.5930962174848,-5.3758673745493,-5.16471684121148,-4.75238286888731
450.3,-6.06082713588539,-5.65318198075911,-5.43994092579684,-5.22368765309916,-4.81392795387611
451.3,-6.11478150767214,-5.71060943784744,-5.49703501661856,-5.28368565696923,-4.86910296287001
452.3,-6.10174808034682,-5.69581920691096,-5.48217295492382,-5.26632144951045,-4.85617450742207
453.3,-6.13898362308975,-5.7337807746283,-5.51893595280566,-5.30609679640368,-4.90369968161544
454.3,-6.27293196268466,-5.86827061454784,-5.65492366396238,-5.43979538191527,-5.03797649941147
455.3,-6.37077356156366,-5.96151831234432,-5.74875517300364,-5.53218380857575,-5.12402223623541
456.3,-6.35562057535056,-5.93950728274671,-5.72822528754344,-5.50860327126985,-5.10184886539386
457.3,-6.28562397326819,-5.87247499888744,-5.65647952746136,-5.44052562030101,-5.03240831373752
458.3,-6.2218829036042,-5.80787491931387,-5.58990188924683,-5.37273972582542,-4.95833764032184
459.3,-6.18407013933721,-5.771886316525,-5.55575882111511,-5.33739722725159,-4.92155746937178
460.3,-6.20942703930947,-5.78960134330361,-5.57134129323713,-5.35556683365699,-4.94139895595304
461.3,-6.26032744825781,-5.83796265440318,-5.62341697917445,-5.40459185563888,-4.99393594052602
462.3,-6.22619312757012,-5.80550746877707,-5.58966966343124,-5.37192569060895,-4.95767392809321
463.3,-6.20863676357501,-5.79341744500209,-5.57863552184832,-5.35909178379225,-4.93609914518945
464.3,-6.31251672776164,-5.89165009501633,-5.6756983344371,-5.46111002393604,-5.03449161969888
465.3,-6.35959785460457,-5.93531336712747,-5.71560632836132,-5.49661414980679,-5.07634082739694
466.3,-6.4636897983269,-6.03792551353009,-5.82101455443303,-5.59918186624146,-5.17637227256975
467.3,-6.5802061449747,-6.15574734827767,-5.93521811568312,-5.71520737632368,-5.29258357538199
468.3,-6.69981292722583,-6.28061489598341,-6.05883117977818,-5.83805094533034,-5.41526092506519
469.3,-6.83596785514854,-6.41901977031842,-6.19821407858421,-5.97764028329747,-5.55696141253861
470.3,-6.92079522462843,-6.49476114302827,-6.27574047569364,-6.04897300730521,-5.63756767842887
471.3,-6.9720541454323,-6.5438802439772,-6.31992143991412,-6.09530855395702,-5.67983420222727
472.3,-7.03362186837637,-6.59973414925509,-6.37558645152281,-6.14900668890344,-5.73070520038441
473.3,-7.09816620490372,-6.66851090764648,-6.44530970101385,-6.22056593950436,-5.79734293915892
474.3,-7.15701662396964,-6.72977571943747,-6.50695599425698,-6.27958060966733,-5.85349239506685
475.3,-7.20765059651455,-6.77321166116911,-6.55140940617025,-6.32557598486597,-5.90109416214031
476.3,-7.22539228537152,-6.78914060930686,-6.569777761373,-6.34344103758466,-5.91686919434642
477.3,-7.09604132481502,-6.66230419170146,-6.44268717884048,-6.21589643548803,-5.78806832307685
478.3,-6.8703758433653,-6.43530144637195,-6.21676513041896,-5.98973577356142,-5.56674322212509
479.3,-6.72383546514366,-6.29395954572268,-6.06733498188,-5.84261848668093,-5.42877486960294
480.3,-6.58170839783194,-6.14611743673318,-5.92071214732036,-5.69628170640011,-5.27524062025221
481.3,-6.40669112244906,-5.97403703197313,-5.74851804648901,-5.5233206738815,-5.10646311185938
482.3,-6.20746848566523,-5.77300151598639,-5.55081793918571,-5.32670760022829,-4.90501875618626
483.3,-6.10149251983283,-5.66808148248647,-5.44465578416009,-5.21718593775715,-4.79978279520229
484.3,-5.98181079971508,-5.54685879128231,-5.32257097836146,-5.09720472651984,-4.67746755057226
485.3,-5.84194142107675,-5.41090426929475,-5.18868446958335,-4.96271704512765,-4.54172688760487
486.3,-5.68430445591309,-5.25865683388415,-5.03245304698487,-4.80985202133159,-4.38451721092782
487.3,-5.53295846186161,-5.10574027398352,-4.88226383909407,-4.65974876418754,-4.24014737719871
488.3,-5.51003585892243,-5.07814466149147,-4.85422558534707,-4.62981640974969,-4.21053457317201
489.3,-5.528908003136,-5.09564966742806,-4.87362912660951,-4.6481923453896,-4.2303970253018
490.3,-5.52449938190604,-5.09136031504247,-4.86792439361342,-4.64272330567821,-4.22669230134585
491.3,-5.3841483833471,-4.94785255804364,-4.72765025438769,-4.50388388829252,-4.09023315456215
492.3,-5.12094840417501,-4.68377309254313,-4.46280731514151,-4.23755713444519,-3.82152159228606
493.3,-4.78891749184494,-4.36229384251074,-4.14068428541625,-3.91860510877691,-3.49892185008265
494.3,-4.51439258599421,-4.08263477731685,-3.86373268137422,-3.64099412141787,-3.2178729953626
495.3,-4.44439814470045,-4.0169415129361,-3.79730618923381,-3.57179363264283,-3.14405474626004
496.3,-4.63563840553686,-4.20760311976333,-3.98506962047274,-3.76321933706051,-3.33833431703501
497.3,-4.9495936920606,-4.51867153398579,-4.29792956456254,-4.0782376001733,-3.65383569063104
498.3,-5.24796172854573,-4.81465761102357,-4.59203961440344,-4.36944268634069,-3.9425908942345
499.3,-5.51873235268042,-5.08321082764953,-4.86175368985091,-4.63810467316984,-4.21587824969689
500.3,-5.73548848259705,-5.29952590012945,-5.08036195932868,-4.85373356487785,-4.42720704232302
501.3,-5.90348553778742,-5.46921059274823,-5.2474716477856,-5.02375916035895,-4.59945986325663
502.3,-6.05604937261204,-5.62787246952083,-5.40078128549165,-5.1760357176486,-4.75792131086687
503.3,-6.1413580438295,-5.70616033661251,-5.47952467732648,-5.25777141911402,-4.83339524795221
504.3,-6.28288993910301,-5.8486696963382,-5.62516931970787,-5.39946842939529,-4.98169622594204
505.3,-6.26706527010593,-5.83862212554163,-5.61542036012817,-5.38938293168702,-4.96735295104775
506.3,-6.18234256019046,-5.75585320408731,-5.53607188438168,-5.31059216359323,-4.89337909965713
507.3,-6.1539856700152,-5.72825396244489,-5.50586255417355,-5.28321944050297,-4.85600400303277
508.3,-6.23731784744216,-5.81240253482686,-5.59199134212918,-5.36525744053385,-4.94253745693254
509.3,-6.36429506340741,-5.93693700709456,-5.71285797987659,-5.49164245771965,-5.06002956286822
510.3,-6.27163235177784,-5.84637050704096,-5.62279902256401,-5.39836511972129,-4.96733245763053
511.3,-6.1826871826086,-5.75927868083599,-5.53390235990173,-5.3087638720961,-4.88267473706623
512.3,-6.03365585533959,-5.60772890450591,-5.38175597641604,-5.15548329604924,-4.72683445831499
513.3,-6.04601829641201,-5.62019095865223,-5.39848690108419,-5.17188412395442,-4.74708046837405
514.3,-6.43755367161691,-6.00749703477065,-5.78637642530703,-5.56136899286749,-5.13254512797296
515.3,-6.78630307261476,-6.35620437421757,-6.13765722061595,-5.91106027048517,-5.48191056248376
516.3,-6.96933225616668,-6.54374104672193,-6.31820592595868,-6.09212217344819,-5.66290214140595
517.3,-7.02696761128422,-6.59915534838774,-6.37370525539182,-6.14929134545773,-5.71459342216708
518.3,-6.98748787086218,-6.56089756556838,-6.33680633065086,-6.1142287144855,-5.6792832055426
519.3,-7.04511651781897,-6.6173495695386,-6.39342269656782,-6.16571927768188,-5.7355216565597
520.3,-7.28232027644403,-6.85402531515181,-6.62947034181779,-6.402929855172,-5.96850210869342
521.3,-7.55005624447654,-7.12678055992349,-6.90062870526274,-6.6705559565673,-6.24296467823881
522.3,-7.55659451802594,-7.1311044295706,-6.90744346803555,-6.67479998795357,-6.2430766922029
523.3,-7.41797782135159,-6.98814925999694,-6.76070476167278,-6.53396182569896,-6.09630823176216
524.3,-7.06819790184948,-6.63676357128282,-6.40999789583095,-6.18193991256139,-5.75603749294658
525.3,-6.38131194484559,-5.95080598752734,-5.72476373876549,-5.49642177926304,-5.06798050501267
526.3,-5.93965509138585,-5.51207851509338,-5.28680975606092,-5.05613596100506,-4.61982314257573
527.3,-5.81018849237352,-5.38028635231894,-5.15602776621787,-4.92926975598463,-4.49414416454426
528.3,-5.87709609273481,-5.44445778901416,-5.22071101162998,-4.99540840945888,-4.55918386425434
529.3,-6.26532396549835,-5.83085142208405,-5.60175491662691,-5.37877646219748,-4.94436455222168
530.3,-6.44951584902471,-6.0195038736878,-5.79310870708282,-5.56777943037642,-5.13001596178406
531.3,-6.34356641531013,-5.91359799241679,-5.68810666462663,-5.45970321001817,-5.01909601837427
532.3,-6.36451661418821,-5.93873812081825,-5.70776587717898,-5.47885478564464,-5.04567472815865
533.3,-6.78339559778929,-6.34968985415797,-6.1207302753475,-5.89301589257363,-5.45308997296563
534.3,-7.23066225013635,-6.78976728698712,-6.5587804926664,-6.33251885198507,-5.89324905775806
535.3,-7.50597264489107,-7.06515463261193,-6.83727911357003,-6.60688960063747,-6.17226637890052
536.3,-7.6777507463663,-7.23437534563878,-7.00552251383885,-6.77293245890644,-6.32721983623428
537.3,-7.77142972374639,-7.32746478369761,-7.09588098543254,-6.85905913762989,-6.41518709657357
538.3,-7.67385116033009,-7.21807249691881,-6.9804865603405,-6.7405866715285,-6.28668239358431
539.3,-7.67756345620023,-7.20645366942139,-6.96103389468648,-6.71132187200764,-6.23870534225039
