"age_Ma","d13CO2_2p5","d13CO2_25","d13CO2_50","d13CO2_75","d13CO2_97p5"
0.0498630000000121,-7.67057719696822,-7.27294526841518,-7.06766996158035,-6.86302263885835,-6.47255452680028
0.149863000000012,-7.67845534526041,-7.2821407554354,-7.07861467474003,-6.8725411381406,-6.48373513764273
0.249863000000012,-7.69055805588867,-7.29983108857859,-7.09516877419916,-6.88972962868489,-6.50116497269549
0.349863000000012,-7.67392401767059,-7.28518390173526,-7.08137245889804,-6.87743150855996,-6.48544608852768
0.449863000000012,-7.67066242643122,-7.27942813526382,-7.07565204615392,-6.86924494726035,-6.47999541165045
0.549863000000012,-7.6734169579004,-7.28509294128118,-7.08134457367561,-6.87743099058572,-6.4850626506299
0.649863000000012,-7.68190817928051,-7.28776050955477,-7.08451911704169,-6.88034649079484,-6.48332381124317
0.749863000000012,-7.6745227542887,-7.28239317861741,-7.07740985552605,-6.8752337003526,-6.48021715103227
0.849863000000012,-7.66113653311498,-7.27027906152165,-7.06848687976437,-6.86365145565986,-6.46935039671655
0.949863000000012,-7.6271540002614,-7.23704678327001,-7.03530064428135,-6.83121062273565,-6.43990663338188
1.04986300000001,-7.5963323642527,-7.20393405930537,-7.00286503575039,-6.79854834858003,-6.40787930735999
1.14986300000001,-7.55880064250501,-7.17041295793664,-6.96739731783951,-6.76339954415925,-6.37138299036258
1.24986300000001,-7.53527689585045,-7.14037817262654,-6.9397443531162,-6.73351079936444,-6.34293136611998
1.34986300000001,-7.49495691391411,-7.10688163444138,-6.90635080409996,-6.69829517144612,-6.30825042998029
1.44986300000001,-7.4756240995666,-7.08380017486946,-6.88183757509621,-6.6755719109807,-6.28433822825356
1.54986300000001,-7.45814030420265,-7.06510437251534,-6.86177461691452,-6.65626868999287,-6.26695466353161
1.64986300000001,-7.43734665835291,-7.04435958450381,-6.8414068281066,-6.6353416348363,-6.2475817641295
1.74986300000001,-7.4383295027053,-7.04358017477351,-6.84100314589699,-6.63692555836989,-6.24461510462674
1.84986300000001,-7.42943045529242,-7.03458002381205,-6.8325049892269,-6.62759256599132,-6.23787242406286
1.94986300000001,-7.42582214350257,-7.03495937232663,-6.83325493431294,-6.62993915762099,-6.23954614245165
2.04986300000001,-7.41436159888828,-7.02050194652602,-6.81875740276143,-6.61598168218525,-6.22355908294004
2.14986300000001,-7.40169035643787,-7.01279278574611,-6.81053445065428,-6.60622454224205,-6.2147246347489
2.24986300000001,-7.40076502448547,-7.00783827679,-6.80569792717189,-6.6031439156994,-6.21036384223173
2.34986300000001,-7.38545886438809,-6.99429634975227,-6.79230898855071,-6.58750791186118,-6.20117509393643
2.44986300000001,-7.35820116443843,-6.97275284631428,-6.76879931529669,-6.56515672188385,-6.17742864842042
2.54986300000001,-7.33598253305039,-6.95472112549986,-6.74941853978408,-6.54591534919179,-6.15566727289448
2.64986300000001,-7.31426854638609,-6.92999091243096,-6.72509932296069,-6.52291611342301,-6.13454357010517
2.74986300000001,-7.28690695129038,-6.90182182637852,-6.69750887511888,-6.49441819193865,-6.10186689990251
2.84986300000001,-7.25903339092317,-6.87183681054862,-6.6685238340868,-6.4685264242242,-6.07389135645445
2.94986300000001,-7.24394470730408,-6.85417699714922,-6.65216667039943,-6.4502405079817,-6.05768858095498
3.04986300000001,-7.22449100847135,-6.83388328297026,-6.63162170112572,-6.42673484906131,-6.03702620673451
3.14986300000001,-7.1937240791341,-6.80501819576217,-6.60395963814789,-6.39992892173942,-6.01083579681669
3.24986300000001,-7.16249604971049,-6.77432548169188,-6.57281377593461,-6.37004390964294,-5.98003938850613
3.34986300000001,-7.14941831473242,-6.76035462824753,-6.55961532652815,-6.35658969718461,-5.96901922809171
3.44986300000001,-7.11931659558627,-6.73318967155083,-6.53144675970949,-6.32826898640013,-5.93861398208179
3.54986300000001,-7.09395487810266,-6.70956321331319,-6.50677758897812,-6.30259142863355,-5.91670907868805
3.64986300000001,-7.07922333984373,-6.69678451121379,-6.49446089631883,-6.29140806564149,-5.90076864746713
3.74986300000001,-7.07072917983485,-6.68491336703198,-6.48041358069559,-6.27679697049044,-5.89044856810808
3.84986300000001,-7.06647213021438,-6.68131855310291,-6.47899689751801,-6.27576614706984,-5.88593139846041
3.94986300000001,-7.05340857750993,-6.66832519727918,-6.4659053447908,-6.26107674808012,-5.87178842754579
4.04986300000001,-7.05054204707218,-6.66368894577837,-6.45838324298609,-6.25613532181287,-5.86640291031109
4.14986300000001,-7.04316771863749,-6.65696637136913,-6.45310710326329,-6.25025288103993,-5.86134678752757
4.24986300000001,-7.03481892260289,-6.64578642648057,-6.44276474682667,-6.24029447134948,-5.84907707192789
4.34986300000001,-7.02719521413263,-6.63511690387316,-6.43413279389075,-6.23108264890154,-5.84049114491755
4.44986300000001,-7.02867259366913,-6.63705064125706,-6.43704621251463,-6.23151053498343,-5.84103218890153
4.54986300000001,-7.04502543757576,-6.65481713222322,-6.45226603597785,-6.24821906854151,-5.85501658129902
4.64986300000001,-7.07357842585366,-6.68266838663239,-6.48186370512659,-6.27649104619107,-5.88758212911959
4.74986300000001,-7.0487452220389,-6.66347876871392,-6.45995509885646,-6.2570226739664,-5.86785145271851
4.84986300000001,-7.05056906199204,-6.66154740271396,-6.45956621209314,-6.25803535753538,-5.86690744074909
4.94986300000001,-7.06227680008353,-6.67387002802721,-6.46976794885858,-6.26715785578424,-5.87904781310317
5.04986300000001,-7.01440160576091,-6.62458486786587,-6.42220979845938,-6.21996222862174,-5.83046794574877
5.14986300000001,-6.97097273057041,-6.58293434990253,-6.38083943696169,-6.18033290818798,-5.78762082277232
5.24986300000001,-6.93510076813694,-6.54223390928052,-6.34011723520798,-6.13889787220072,-5.74632832449701
5.34986300000001,-6.90628801794757,-6.51650966597082,-6.31482322844863,-6.11199319164363,-5.71942418954683
5.44986300000001,-6.90056577672826,-6.51301179809025,-6.30959549060137,-6.1072158049559,-5.71485990439447
5.54986300000001,-6.9007112001225,-6.5141601126791,-6.31043197573088,-6.10809085672197,-5.71435389847487
5.64986300000001,-6.89982085016607,-6.51072065866571,-6.30831536888479,-6.10672463730017,-5.71283416803145
5.74986300000001,-6.91937574486453,-6.52861824069613,-6.32586952460493,-6.12375653671731,-5.7297439630552
5.84986300000001,-6.94803290853831,-6.55743596077024,-6.35419481842232,-6.14990716774884,-5.7609677193812
5.94986300000001,-6.95469395361886,-6.56485892766333,-6.36227880644228,-6.15780923385966,-5.76737079793426
6.04986300000001,-6.97245613112371,-6.57955016757672,-6.37877589995163,-6.17469800539044,-5.78450094377231
6.14986300000001,-6.97602677175672,-6.58534594629583,-6.3844784287415,-6.18007010936529,-5.79023252888197
6.24986300000001,-6.96501666334032,-6.57835073355846,-6.37694906826743,-6.17360070086538,-5.78537991584181
6.34986300000001,-6.96751036025539,-6.57933420570867,-6.37677030224056,-6.17383424653684,-5.78219067481451
6.44986300000001,-6.95518446942933,-6.56444136809987,-6.36293937235029,-6.16003954386479,-5.7699947400086
6.54986300000001,-6.94625903788377,-6.55823544625209,-6.3552010076331,-6.15221131062268,-5.76336878812778
6.64986300000001,-6.92653184242311,-6.53481003028867,-6.33165871781349,-6.1305410740176,-5.73992830094167
6.74986300000001,-6.88524363328681,-6.49343737368825,-6.28997351851276,-6.08782883955817,-5.6999849099823
6.84986300000001,-6.83487098403967,-6.44329441126547,-6.24066576426944,-6.03622714714398,-5.64538823662823
6.94986300000001,-6.78218075558847,-6.39082218901251,-6.18630388575056,-5.98266545853494,-5.5922369577996
7.04986300000001,-6.71111432610719,-6.32178382272203,-6.11880512987626,-5.91549944761069,-5.52118601366075
7.14986300000001,-6.64880041059387,-6.2553261477715,-6.05257273755569,-5.84923779342582,-5.45924281012979
7.24986300000001,-6.58130779410964,-6.19055369339964,-5.9867363800887,-5.78383455445525,-5.38948736705902
7.34986300000001,-6.52395745246257,-6.13613139403085,-5.93029640749081,-5.72756479607293,-5.33210436545837
7.44986300000001,-6.46894435112247,-6.08042836466517,-5.87451093910989,-5.67297399731681,-5.27713832037491
7.54986300000001,-6.41407906783548,-6.02657088753943,-5.82234173624002,-5.61925417903258,-5.22672378525049
7.64986300000001,-6.37876160870569,-5.99147288204802,-5.78910415415572,-5.58505391230692,-5.1919566236784
7.74986300000001,-6.35475797378956,-5.96565019687479,-5.76316287172988,-5.56102276680594,-5.16935937738045
7.84986300000001,-6.33644100516788,-5.94878099840059,-5.7445216465701,-5.54169084653326,-5.15161149492889
7.94986300000001,-6.32237539125778,-5.93378921608465,-5.72901188266111,-5.52554680683481,-5.13336336338618
8.04986300000001,-6.29719879899283,-5.90494200941354,-5.70279319406701,-5.49738009444813,-5.1104787344807
8.14986300000001,-6.26910691451386,-5.87738192431579,-5.67239539716884,-5.46856154347759,-5.07711473081206
8.24986300000001,-6.23373265079948,-5.84556291103387,-5.64208290857197,-5.43791638577484,-5.04962003141379
8.34986300000001,-6.220738130224,-5.83144621222582,-5.62628733866279,-5.42213593168184,-5.03423891235155
8.44986300000001,-6.19823875011669,-5.8066328359212,-5.60369776064365,-5.4002618483422,-5.0124534327059
8.54986300000001,-6.17330248075637,-5.78227883875786,-5.57945109798873,-5.37711300978479,-4.98523542128467
8.64986300000001,-6.17779810870826,-5.78545414392107,-5.58089755770849,-5.3790530355188,-4.98986325418519
8.74986300000001,-6.18550956088156,-5.79023785388422,-5.58751125989833,-5.38436927219993,-4.9929905078409
8.84986300000001,-6.1889155842379,-5.79234244119836,-5.59107577229813,-5.38749842965,-4.99674657677712
8.94986300000001,-6.21802379134399,-5.82547004572391,-5.62356836804109,-5.41912364721004,-5.03071742741311
9.04986300000001,-6.25754278607764,-5.86386536481525,-5.66209493083811,-5.46093978816837,-5.06769506563447
9.14986300000001,-6.2802897816322,-5.88896489033402,-5.68486781122739,-5.48300733201474,-5.09021386683107
9.24986300000001,-6.30803077969852,-5.91549414098547,-5.71141045857297,-5.50814328070005,-5.11243012144594
9.34986300000001,-6.33948393057516,-5.9432303937862,-5.7393695300108,-5.53613488743303,-5.1427949497186
9.44986300000001,-6.35873613184668,-5.96732486810409,-5.76344761390278,-5.55962330519816,-5.16678594931319
9.54986300000001,-6.36918898151399,-5.9725407517278,-5.77061369728685,-5.56745676556382,-5.17562422723915
9.64986300000001,-6.36880259353826,-5.97264321559324,-5.77146967644901,-5.56654670422586,-5.17815074383411
9.74986300000001,-6.36963188513217,-5.97131252072415,-5.77038697675142,-5.56619274154963,-5.17242006042592
9.84986300000001,-6.36093285297224,-5.96377393550357,-5.76167627421782,-5.55774722196522,-5.16511609785888
9.94986300000001,-6.32647163733225,-5.93282513946152,-5.73099516934842,-5.52478441324459,-5.13468956086863
10.049863,-6.28131529626144,-5.88560941502922,-5.68232474978771,-5.47700734336781,-5.08874581618193
10.149863,-6.23308367461557,-5.84419696779241,-5.63989435873053,-5.43603585500365,-5.04761741937649
10.249863,-6.20540524391758,-5.81174858214654,-5.60797232690992,-5.40318579649919,-5.01373193579251
10.349863,-6.18657256485862,-5.79731416837417,-5.59188524881032,-5.38865990857841,-4.99994433128621
10.449863,-6.18799183949875,-5.79534615558619,-5.59126309750624,-5.38692353672086,-4.99620171747207
10.549863,-6.2056892259667,-5.8127722783536,-5.60882241487451,-5.40531220811197,-5.01657602880148
10.649863,-6.23146665286871,-5.83692555874172,-5.63407837264118,-5.42980572013942,-5.04262445104851
10.749863,-6.23941027492734,-5.84813845999775,-5.64505358789865,-5.4417262103022,-5.05155667551682
10.849863,-6.21462232351167,-5.82071045839141,-5.61788868812569,-5.41407814201582,-5.01852433742218
10.949863,-6.19056840489769,-5.79608794141756,-5.59313181319785,-5.38773643831464,-4.99774319305503
11.049863,-6.15640135042029,-5.75883383486502,-5.55735147245902,-5.35516392829787,-4.96184696163285
11.149863,-6.12541113713251,-5.7269371693515,-5.52511543550387,-5.32205981083546,-4.92842353252636
11.249863,-6.10309766790909,-5.70738655208169,-5.50390531973321,-5.30213859013136,-4.90855876065218
11.349863,-6.08417729737335,-5.68658843678049,-5.48201015088812,-5.28062735510441,-4.88899119685843
11.449863,-6.06148790796468,-5.66340589773669,-5.46021835723098,-5.25644139980992,-4.86924361066523
11.549863,-6.03638642219436,-5.64077990894319,-5.43690113167986,-5.23499738571583,-4.84613006494697
11.649863,-6.03858843211325,-5.64096400514267,-5.43929970151263,-5.23496940664298,-4.84490680469932
11.749863,-6.0324121711887,-5.63652222785743,-5.43466271388357,-5.23029128699916,-4.83742789673362
11.849863,-6.02611702994425,-5.63024156252999,-5.42726764644631,-5.22232875510146,-4.83413018178388
11.949863,-6.01639779269331,-5.61910866138874,-5.41555926225712,-5.20936851551081,-4.8226457531206
12.049863,-6.00939836468527,-5.60920128283604,-5.40811647209726,-5.2023766746558,-4.81184944625281
12.149863,-5.98800922573317,-5.59031318047173,-5.38710021494166,-5.18369112302256,-4.79098199235906
12.249863,-5.95585015228937,-5.56006773176681,-5.35817918997526,-5.15439894356878,-4.76592971578295
12.349863,-5.92652047682346,-5.53037106684958,-5.32875058727248,-5.12367878551717,-4.73551005540168
12.449863,-5.90108982606857,-5.50778822554803,-5.30441619942449,-5.10071410908035,-4.7119974854222
12.549863,-5.88740024539383,-5.4962681068544,-5.29252163199072,-5.08933489570847,-4.69935184325914
12.649863,-5.87838591412227,-5.48629119841477,-5.28244092644028,-5.07847327312812,-4.68935406054455
12.749863,-5.86700117737757,-5.47526327189921,-5.27215980250606,-5.06719478845018,-4.67789456247951
12.849863,-5.85106562771025,-5.46029950120626,-5.25665685700773,-5.05368900365632,-4.66438223357252
12.949863,-5.81562393305883,-5.42815023055442,-5.22231709100117,-5.01859191595766,-4.62626342985121
13.049863,-5.77708211928634,-5.38575251992246,-5.18062958248856,-4.97723842789955,-4.58696518333775
13.149863,-5.74325144488774,-5.34935539274462,-5.14467891052447,-4.94097709763555,-4.55245189781944
13.249863,-5.7057268520722,-5.31106937668949,-5.10789877806352,-4.90274717679545,-4.51247626659583
13.349863,-5.6567086066116,-5.26240348029175,-5.05738945839929,-4.85341684088947,-4.46173310752337
13.449863,-5.63772408991668,-5.24217696741241,-5.03770659947592,-4.83411268787058,-4.44462923207021
13.549863,-5.60872991163569,-5.21470939302193,-5.00965366095228,-4.80624000657979,-4.41585823960576
13.649863,-5.56882989823947,-5.17389993739324,-4.96893414275796,-4.76506056524967,-4.37128374493072
13.749863,-5.55532109561767,-5.15785244374194,-4.95264889378654,-4.74936939377168,-4.35815873835607
13.849863,-5.55800578681169,-5.16609064363357,-4.96136860988157,-4.75511695426747,-4.36592194495421
13.949863,-5.55166722796383,-5.15952639535901,-4.9556956959273,-4.74994479712344,-4.35880930822161
14.049863,-5.54477643669395,-5.1448686426856,-4.93983206002589,-4.73643966968444,-4.34651632556075
14.149863,-5.53557418191375,-5.1387017443823,-4.9357436725928,-4.73049094535036,-4.33886650529806
14.249863,-5.52887508748788,-5.13519416141512,-4.93318333739927,-4.72675328497115,-4.33264582168405
14.349863,-5.5251724830081,-5.12774191627439,-4.92459169992648,-4.71945153918416,-4.32637526578738
14.449863,-5.50160627005843,-5.10717079067592,-4.9030073766023,-4.69907029986356,-4.30912232833222
14.549863,-5.49042032402681,-5.09713617235453,-4.8928318435951,-4.68800482782182,-4.29199380454183
14.649863,-5.48446419375631,-5.09095120012219,-4.88755102971073,-4.68270996950352,-4.29131961384715
14.749863,-5.49153023809283,-5.09730084610945,-4.89496802230445,-4.68954527547368,-4.30072260672949
14.849863,-5.49052538371925,-5.10018798295782,-4.89681188667261,-4.69283114668925,-4.30287114533047
14.949863,-5.50667844095972,-5.11016650647612,-4.9065652549206,-4.70158366942327,-4.31147864591386
15.049863,-5.50604742685778,-5.11088280927174,-4.90639470704999,-4.70261557839928,-4.3092417059435
15.149863,-5.5085368213159,-5.11337570558994,-4.90760126214848,-4.702559513475,-4.30913093743642
15.249863,-5.50149528354471,-5.102806446198,-4.89864385414911,-4.69298714038138,-4.30181268431675
15.349863,-5.49014541202931,-5.09188383273293,-4.88979813765379,-4.68297481882167,-4.29270287665707
15.449863,-5.49561173683483,-5.09857232378815,-4.8947413077487,-4.6900371487866,-4.29690237758128
15.549863,-5.51472415071399,-5.12288076912822,-4.91990713125498,-4.71385585028822,-4.32392740606083
15.649863,-5.52582215725219,-5.130405828649,-4.92858488410759,-4.72215752832525,-4.32908287770551
15.749863,-5.53103274812979,-5.13515886770983,-4.93287759612562,-4.72747206401911,-4.33671923139151
15.849863,-5.54346366471147,-5.14923031945394,-4.9493411971128,-4.74422006088989,-4.35119307081152
15.949863,-5.57933188209287,-5.18308630362736,-4.98385588431283,-4.77648258134698,-4.384312876069
16.049863,-5.6168017923851,-5.22493985885542,-5.02300161216634,-4.81657797207068,-4.42698081312912
16.149863,-5.69782322555186,-5.30900785249096,-5.10626227173673,-4.89961416782662,-4.50675180270815
16.249863,-5.74184564285412,-5.34962620326658,-5.14611837225781,-4.93933661768501,-4.54669621059266
16.349863,-5.80766043449345,-5.40994682645769,-5.20890744562758,-5.00230111598271,-4.60830310438899
16.449863,-5.86412946910772,-5.46677281074016,-5.26548148881926,-5.06064744184139,-4.67052760712597
16.549863,-5.92366334512472,-5.52562033165151,-5.32219128149301,-5.1196449240847,-4.72665835574468
16.649863,-5.99568318058528,-5.60312510678173,-5.39830323180536,-5.19487553467764,-4.79923242865015
16.749863,-6.0519012147946,-5.65713801996744,-5.45400014503028,-5.25030171014235,-4.85695126325034
16.849863,-6.10038209647888,-5.70197323464707,-5.49932742289461,-5.29674548255678,-4.90320488950196
16.949863,-6.13488920152789,-5.73862088883533,-5.53519319597528,-5.33168272877737,-4.93960032728983
17.049863,-6.17351998331665,-5.78199904970456,-5.5798481348682,-5.37457987688804,-4.98152843749321
17.149863,-6.22563481915802,-5.83281125943942,-5.62881047546725,-5.42479560194,-5.03112193617464
17.249863,-6.23497281198326,-5.84437148702306,-5.63882964269007,-5.43539551601089,-5.04202159469278
17.349863,-6.25586837581535,-5.86210209848729,-5.65650830048484,-5.45259606661375,-5.05984936418325
17.449863,-6.28094535938189,-5.88741295419272,-5.68276859193882,-5.47909897378581,-5.08428216136181
17.549863,-6.31403880900564,-5.91748222726237,-5.71532183127001,-5.51056622210324,-5.11983634613069
17.649863,-6.35732753032063,-5.96480818439525,-5.76058155531747,-5.5580340011934,-5.16783886947421
17.749863,-6.39401066032287,-6.00337974948754,-5.79920347651047,-5.59555472694023,-5.20784905190282
17.849863,-6.39842626906432,-6.00699922699861,-5.80307434439903,-5.59982843574733,-5.21007440486575
17.949863,-6.41367779094423,-6.01932972797485,-5.81395953080616,-5.61169128500103,-5.21898924156835
18.049863,-6.42623318865325,-6.03315551593257,-5.82810072172832,-5.62576825701903,-5.23426064067926
18.149863,-6.43370601004861,-6.04469782522448,-5.83974370927038,-5.63759794036783,-5.24705576325224
18.249863,-6.45349824171997,-6.06461714255105,-5.85982062139986,-5.65617554195489,-5.26903061289311
18.349863,-6.48572669786021,-6.0956979027258,-5.89002313243129,-5.68842411477549,-5.2961045366948
18.449863,-6.48311418653475,-6.09098618730339,-5.88630734014004,-5.68498044403871,-5.29385772719558
18.549863,-6.48223932170403,-6.09280582521085,-5.88855042670153,-5.68581128033266,-5.29579772705784
18.649863,-6.45190236048373,-6.06213213839867,-5.8575979042713,-5.65402609039458,-5.26556761970501
18.749863,-6.43461971496387,-6.04327882793024,-5.84022948315285,-5.63475402488342,-5.24973832396931
18.849863,-6.40991703097607,-6.01940509504097,-5.81615383379373,-5.61241016463454,-5.22059156904523
18.949863,-6.39923834584197,-6.0075583497564,-5.80220026801477,-5.59977264509203,-5.20901328748897
19.049863,-6.40226993834538,-6.0084695691712,-5.80615375567731,-5.60352214454947,-5.21220379216219
19.149863,-6.37434317759872,-5.98209074503061,-5.77824158273504,-5.57546646075928,-5.18644704971358
19.249863,-6.36433511027244,-5.97084379001939,-5.76742169572974,-5.5644146341462,-5.17593691808293
19.349863,-6.36271434504786,-5.96719178162052,-5.76421547127053,-5.56226779699115,-5.17134115894277
19.449863,-6.32800828447928,-5.9354918613824,-5.73371246223876,-5.53096559467581,-5.14117581368373
19.549863,-6.32203720800361,-5.92719583335305,-5.72387205264057,-5.52024048633426,-5.13059548956282
19.649863,-6.31291580893739,-5.9214069793446,-5.71940578298429,-5.51427667850715,-5.1232776318709
19.749863,-6.31735272572872,-5.92515102990736,-5.72195385136106,-5.51878691439753,-5.12694776042376
19.849863,-6.32734007260633,-5.93786552049464,-5.7361086212322,-5.53424523300377,-5.14208258036172
19.949863,-6.32002334330655,-5.93564995918776,-5.73077189608872,-5.52959394866532,-5.13613877312472
20.049863,-6.31707282355427,-5.92926154614155,-5.72447762710048,-5.52228718611561,-5.13077538898869
20.149863,-6.31052784041375,-5.92081751007286,-5.71703369320348,-5.51390180949746,-5.12297478154131
20.249863,-6.29672037286228,-5.90949157628675,-5.70656913532182,-5.50253816551508,-5.11412047804501
20.349863,-6.29179473119587,-5.90198034459022,-5.70005351296828,-5.49578565372414,-5.10609080769365
20.449863,-6.28722277788597,-5.89527792630449,-5.69411022714785,-5.48949383473304,-5.10018763338488
20.549863,-6.26868489518961,-5.87525141862393,-5.67311427862204,-5.46958380417176,-5.08036682838361
20.649863,-6.26120485136232,-5.87297444568218,-5.66767496182397,-5.46453514224101,-5.07673552217476
20.749863,-6.26954328639328,-5.88094710831167,-5.67561071074558,-5.47299320827117,-5.08510215523279
20.849863,-6.28132102407859,-5.89143779595904,-5.68748517874213,-5.48305133609713,-5.09330286058788
20.949863,-6.26458403203488,-5.87343298246208,-5.66981873546387,-5.46586105008562,-5.07833443988821
21.049863,-6.25655142114576,-5.86233862704595,-5.65933182887561,-5.45442258446284,-5.06465005314348
21.149863,-6.26934401712054,-5.87843836730989,-5.67203141820032,-5.4687851946988,-5.07501219502466
21.249863,-6.28238808055903,-5.89285497687914,-5.68607572850336,-5.48236514823009,-5.09622085182877
21.349863,-6.29652898635574,-5.90735751878835,-5.70313814658395,-5.4982618741692,-5.10738988573683
21.449863,-6.31051470387593,-5.92420711098415,-5.71961055350747,-5.51591189385164,-5.12473032271314
21.549863,-6.30602111474407,-5.91758102723685,-5.71331985756185,-5.50835460997581,-5.11841465018493
21.649863,-6.25190340991371,-5.86546553911327,-5.66148704451353,-5.4575432557808,-5.0690417118627
21.749863,-6.19715607021331,-5.80846443344884,-5.60495588712016,-5.40160679877779,-5.00985320424972
21.849863,-6.14453425730737,-5.75412308342792,-5.55005008031777,-5.34779587842434,-4.95488358151003
21.949863,-6.11422925232212,-5.72284479395358,-5.51913972429186,-5.31694553984932,-4.92578532281311
22.049863,-6.0681827190709,-5.67713724467876,-5.47355746492069,-5.27186121578488,-4.87858127850086
22.149863,-6.02405695885801,-5.63654398574914,-5.43346696332376,-5.22903993467599,-4.83971630674702
22.249863,-5.99925324107233,-5.6098250014503,-5.40657510932203,-5.20209197755653,-4.81416144585615
22.349863,-5.99691562323475,-5.60571014830645,-5.4018735734373,-5.19924206342084,-4.81049040022259
22.449863,-5.96053426116011,-5.56991097974534,-5.36640076677186,-5.16365288266181,-4.77468306380527
22.549863,-5.94174548883888,-5.5523333268976,-5.34964754996371,-5.14680871330156,-4.75612753667398
22.649863,-5.9378386723312,-5.54677543708912,-5.34441066309162,-5.14158774875652,-4.74990880155431
22.749863,-5.93599874498552,-5.54467115908496,-5.34181873696309,-5.13774320934221,-4.74624175121654
22.849863,-5.93188093573055,-5.54338807846805,-5.34069249157227,-5.13585930403799,-4.74159232621903
22.949863,-5.92801548279865,-5.54236327784898,-5.33909960993135,-5.13576194834241,-4.74012081298459
23.049863,-5.93994788556019,-5.55172535267874,-5.3482876057932,-5.14637758700642,-4.75404030873569
23.149863,-5.96800143695511,-5.57767584617317,-5.37550983797243,-5.17205643141996,-4.78046284475911
23.249863,-6.00524120688147,-5.61186570708578,-5.40929130241268,-5.20771215375391,-4.81595929188036
23.349863,-6.02236945017725,-5.63121899494234,-5.43004710720157,-5.22711356275122,-4.83757533591035
23.449863,-6.03007804319194,-5.64112537179744,-5.43859539781471,-5.23395114025999,-4.84415676551286
23.549863,-6.05903626371287,-5.668781893652,-5.46675542416731,-5.26089372204663,-4.8716361837333
23.649863,-6.09322814081279,-5.70450151862366,-5.50067776888835,-5.29664572076165,-4.90332193632225
23.749863,-6.12826977781777,-5.73678006260127,-5.53392641875589,-5.33244503845718,-4.93900040174773
23.849863,-6.14304135287084,-5.75015734136529,-5.54742352899024,-5.34678469264961,-4.95164344683695
23.949863,-6.15982090225128,-5.76918377456955,-5.56574638163056,-5.36478511405373,-4.97145496529104
24.049863,-6.18024724107871,-5.79497378313584,-5.59179229704687,-5.39110940054935,-4.99787835414814
24.149863,-6.18744424574056,-5.80211099489197,-5.60075083287301,-5.39641566361656,-5.00515194949401
24.249863,-6.1993461403731,-5.81079294005138,-5.60855208927922,-5.40640827417555,-5.00947812261793
24.349863,-6.20381453600096,-5.81174190678208,-5.61043744432014,-5.40748369288111,-5.01262312030344
24.449863,-6.2163400512438,-5.82676381949186,-5.62341611499416,-5.42149552824144,-5.02793414345522
24.549863,-6.2353704189562,-5.8411880187419,-5.63935060883274,-5.4343545381614,-5.04602629676872
24.649863,-6.23869251951316,-5.84932122858248,-5.6490150746991,-5.4444345628314,-5.0543843576378
24.749863,-6.25501923318295,-5.86663979081798,-5.66651655489173,-5.46182297163325,-5.07018542360686
24.849863,-6.27604640141304,-5.88897625831721,-5.68823148179607,-5.48340639440732,-5.09376911577086
24.949863,-6.29503764277127,-5.90687807545778,-5.7062712934522,-5.5010944341576,-5.11058692884507
25.049863,-6.305282809236,-5.92172084759345,-5.719744201941,-5.51634245278289,-5.12301049923286
25.149863,-6.30699251094561,-5.91607662918825,-5.71283616054062,-5.50922925478969,-5.11966526084333
25.249863,-6.3004836892451,-5.91046917296265,-5.70717290060352,-5.50315681408806,-5.1123584715295
25.349863,-6.28785368564099,-5.90048847752264,-5.69731631126881,-5.49378797816934,-5.10262588695877
25.449863,-6.26371044586769,-5.87771822434562,-5.6742768709784,-5.471445517821,-5.07976691726188
25.549863,-6.23068441863299,-5.84524325858667,-5.64344516871277,-5.44062934609571,-5.04800045422103
25.649863,-6.21981257650213,-5.83174936672502,-5.63011797787932,-5.42737246046909,-5.03585272182138
25.749863,-6.21107867536344,-5.81949995632322,-5.61814701533225,-5.41498099995759,-5.02036147722376
25.849863,-6.20335597440864,-5.81186075651701,-5.60858960424197,-5.40564649802721,-5.01368390831437
25.949863,-6.20603371912493,-5.8176045313274,-5.61393205183615,-5.40922458269827,-5.0161200236924
26.049863,-6.20968209666683,-5.81974389183836,-5.61660728602842,-5.41309470089419,-5.02316782013596
26.149863,-6.21225825194723,-5.82306214890685,-5.62090334076743,-5.41676196875218,-5.0262923340859
26.249863,-6.20938436942241,-5.82136570563743,-5.61907733280698,-5.41425580829472,-5.01803411400079
26.349863,-6.20897094640708,-5.81875037068501,-5.61679610636219,-5.41387908754726,-5.02388000184496
26.449863,-6.2164740068785,-5.82954481655063,-5.62658937613399,-5.42262292733699,-5.0336106980247
26.549863,-6.22567929722484,-5.83371868214777,-5.63245128892843,-5.4272847099434,-5.03794608697137
26.649863,-6.23012119773895,-5.83696620221236,-5.6338572293589,-5.4302962525368,-5.04158801543912
26.749863,-6.23330728246157,-5.84073263446237,-5.63773930460871,-5.43331602336723,-5.04413796071124
26.849863,-6.24328697805038,-5.84986438235781,-5.64922907485261,-5.44336903926639,-5.05708585508762
26.949863,-6.25658599929929,-5.86278884427983,-5.66147706387622,-5.45404824629699,-5.06729629583262
27.049863,-6.27174028872882,-5.88100676482183,-5.67965034421241,-5.47190817249934,-5.08659304784245
27.149863,-6.27595964996114,-5.8865942384079,-5.68474165923078,-5.47972585125185,-5.08808780083669
27.249863,-6.28742551317444,-5.89894436235522,-5.6969279435939,-5.49288312888477,-5.10288275380284
27.349863,-6.29147630768755,-5.90321819065899,-5.69998032885711,-5.49654720638411,-5.10454194050886
27.449863,-6.28633629446996,-5.89546181324227,-5.69218543495249,-5.48815547003409,-5.09800935961242
27.549863,-6.2712320339841,-5.88578177512846,-5.68212631021336,-5.47815958736029,-5.08825468849333
27.649863,-6.27407377479608,-5.88647922631008,-5.68437802616625,-5.48164260386855,-5.09020597327048
27.749863,-6.27702245477459,-5.88842821853783,-5.6868046173428,-5.48246324314626,-5.09192046800949
27.849863,-6.27808641827281,-5.88868065672445,-5.68657718027756,-5.48328308022177,-5.09273929634288
27.949863,-6.28860470245765,-5.89783925720994,-5.694351053852,-5.49211447249232,-5.09843576313251
28.049863,-6.31385734843105,-5.92070974911013,-5.71882850552621,-5.51530547479984,-5.12204671518193
28.149863,-6.32367732026226,-5.93168106005876,-5.73008914067937,-5.52760499225737,-5.13622750869436
28.249863,-6.32362520922756,-5.93044847897792,-5.72828923482627,-5.52623594531691,-5.13792160140992
28.349863,-6.31983036918121,-5.92641269139978,-5.7239993378825,-5.52183752611511,-5.13082133601259
28.449863,-6.32128281075146,-5.9277572183653,-5.72821822574996,-5.52364391394078,-5.13236540966018
28.549863,-6.3302885257223,-5.93516259683074,-5.73456716418103,-5.53015439884202,-5.13887773104162
28.649863,-6.31739412533636,-5.92445365568226,-5.72468453770221,-5.52201037987937,-5.1298214242867
28.749863,-6.29725416898258,-5.9023151488849,-5.70268831535497,-5.49960251342316,-5.1096132763539
28.849863,-6.27532499712298,-5.88106906693462,-5.68074508479484,-5.47862791382001,-5.08829014062349
28.949863,-6.25344097534649,-5.86209415002451,-5.66240358256863,-5.4576069190902,-5.06765524731855
29.049863,-6.24580869713927,-5.85744887731127,-5.65608431684965,-5.45117103554843,-5.06181359145051
29.149863,-6.24416760264217,-5.85421458665071,-5.65231241062107,-5.44835246249232,-5.05921316135343
29.249863,-6.24476908124088,-5.85156725030281,-5.65026351125944,-5.44578938202511,-5.05851912549285
29.349863,-6.24359025023198,-5.84853768740637,-5.64656414341674,-5.44363870398524,-5.05698863101958
29.449863,-6.2280120441137,-5.83323238339432,-5.63069103226936,-5.42712640597334,-5.04102834586846
29.549863,-6.21287801220131,-5.82056715944274,-5.61808382450095,-5.41546092525131,-5.0282992330077
29.649863,-6.19775602973956,-5.80546389508007,-5.60408598829121,-5.40151385978114,-5.01336828998817
29.749863,-6.19413714202391,-5.80147670419445,-5.59966402536901,-5.39597846707312,-5.00413269635283
29.849863,-6.18296159435131,-5.79144019001802,-5.59065027972096,-5.38672857927976,-4.99714219289824
29.949863,-6.16355295871133,-5.76695231120903,-5.56542023055803,-5.36177354514619,-4.97069125551727
30.049863,-6.14056177099858,-5.74635774370938,-5.54390206516545,-5.34177450892776,-4.95029066066332
30.149863,-6.12059256921916,-5.72953223000146,-5.52633653581157,-5.3250774075564,-4.93501774663781
30.249863,-6.11566849075836,-5.72179354285863,-5.5202647773091,-5.31814288287595,-4.92297475489887
30.349863,-6.10808816482941,-5.71576405267119,-5.51534361917423,-5.31162718866384,-4.91664461748459
30.449863,-6.10484722844811,-5.71159718261456,-5.50932121631838,-5.30414502286945,-4.91222820175445
30.549863,-6.06456098750744,-5.67477423425786,-5.47205412971548,-5.26748368069484,-4.87587577326793
30.649863,-6.03549382123335,-5.64345605434758,-5.44301382235095,-5.23815724900805,-4.84103859075816
30.749863,-6.00426856934611,-5.61220420160516,-5.41140090512836,-5.20653017418589,-4.80865060336492
30.849863,-5.97771413349831,-5.58762798140928,-5.38780915618612,-5.18260254351123,-4.7872046067013
30.949863,-5.95755494254457,-5.57034492164665,-5.36934435141464,-5.16632141456105,-4.76975441566124
31.049863,-5.952206655769,-5.56216367034624,-5.36003470214412,-5.15725404739835,-4.76389743566594
31.149863,-5.9515147952912,-5.56121794810803,-5.36008210876491,-5.15615827654655,-4.76546370505307
31.249863,-5.9564028580166,-5.56639224477446,-5.36501975689379,-5.16167671054597,-4.76861464361059
31.349863,-5.9746589212448,-5.58248587989811,-5.38144964333259,-5.17704944972166,-4.78632068306437
31.449863,-5.97845378631417,-5.58662733218331,-5.38523557633894,-5.18147980988653,-4.79353167137422
31.549863,-5.97480653210699,-5.58018481232288,-5.38029192128534,-5.1763169411721,-4.78617546170312
31.649863,-5.97685442835552,-5.58456728191965,-5.38367652678753,-5.17902279280438,-4.79005325014679
31.749863,-5.98325033867409,-5.59357905092991,-5.39142446758902,-5.18800457431677,-4.79675021558495
31.849863,-5.98712796737825,-5.59677597282837,-5.39463521302166,-5.19090110492313,-4.79924920741013
31.949863,-5.98414049274079,-5.59023053155636,-5.38675473165005,-5.18344446827508,-4.78834325674103
32.049863,-5.97494709255403,-5.58415057905275,-5.38172539597063,-5.1779092808197,-4.78551098250364
32.149863,-5.96341678565517,-5.57682665754565,-5.37237633309989,-5.16865293193379,-4.77805181371366
32.249863,-5.94157525575257,-5.55490644892365,-5.35090794709888,-5.14849149878043,-4.75696472331656
32.349863,-5.91406905743805,-5.52762766225773,-5.32210233444664,-5.12104327848304,-4.73075655415803
32.449863,-5.88611196647438,-5.49904499245582,-5.29480786617588,-5.09310061335512,-4.69926592463857
32.549863,-5.86093094148076,-5.47309668451846,-5.26970488688887,-5.06723097006015,-4.67731984309837
32.649863,-5.82972162756393,-5.44237064545908,-5.2374710609313,-5.03301710845114,-4.64229704812549
32.749863,-5.80621533656132,-5.41642754115291,-5.2137518056216,-5.00931647725896,-4.61792347648417
32.849863,-5.78416143316216,-5.39186820358283,-5.19020616489258,-4.98480622602619,-4.59525413707916
32.949863,-5.76392517549805,-5.37403988759262,-5.17218453313918,-4.96673400491934,-4.57797835186595
33.049863,-5.73792028973311,-5.34842993641732,-5.14316771737377,-4.9390148929679,-4.55020680673695
33.149863,-5.71006813031324,-5.31627722447147,-5.11363285233287,-4.91115826212984,-4.51892563240869
33.249863,-5.67772313825282,-5.28648126583214,-5.08307351428969,-4.88001333727504,-4.48520358463396
33.349863,-5.6558719882568,-5.26655733662762,-5.06384111451714,-4.8595983155959,-4.46570911614509
33.449863,-5.64846900906311,-5.26021751239079,-5.05589761547068,-4.85337351445783,-4.45871990091256
33.549863,-5.65135290698914,-5.25858597161676,-5.05443282637189,-4.85124596268069,-4.46122880774616
33.649863,-5.67458134697991,-5.28332796740457,-5.08045000435007,-4.8757264920307,-4.48687027155776
33.749863,-5.72909900652322,-5.33639651804379,-5.13307130342239,-4.92852409165919,-4.53982647648964
33.849863,-5.77295526584535,-5.38261538106606,-5.17852993507304,-4.97505981055295,-4.58306588633321
33.949863,-5.82440931827753,-5.43140452627946,-5.22760904503859,-5.02448541378879,-4.62972873421556
34.049863,-5.87836450999903,-5.48567538098771,-5.28336161047739,-5.07879827725927,-4.68976019717208
34.149863,-5.91804161473703,-5.52706085456419,-5.32399973657799,-5.1193776557905,-4.73264143697299
34.249863,-5.93568214036619,-5.54505164585673,-5.34353573435359,-5.13749123923404,-4.75112641397016
34.349863,-5.9193961075074,-5.53216553934449,-5.32906332343291,-5.12541806508485,-4.73643612577763
34.449863,-5.89954359862482,-5.50975738096119,-5.30725955690338,-5.10299341776618,-4.71277895823877
34.549863,-5.86825183081252,-5.4789921807497,-5.27838244996226,-5.07390301639227,-4.68331573777905
34.649863,-5.84961160162504,-5.4562470153291,-5.25567779733413,-5.04943297223828,-4.65904303189261
34.749863,-5.83316059659671,-5.43888920423142,-5.23760272914422,-5.03272350531483,-4.64320719904591
34.849863,-5.81893210873121,-5.42814327815814,-5.22486838650914,-5.02183245757187,-4.62880826132542
34.949863,-5.80264867204286,-5.40729784430193,-5.20695762266941,-5.00179292292378,-4.60926160458946
35.049863,-5.7652417534306,-5.37315827851435,-5.17049259100309,-4.96705399461016,-4.57656335036734
35.149863,-5.72987714051528,-5.33803666300378,-5.13674984928446,-4.93411385762284,-4.54337090591905
35.249863,-5.69319043868295,-5.30547805106615,-5.10278375973409,-4.8999965216433,-4.50646624784495
35.349863,-5.66467365662968,-5.2713777436272,-5.06968634190669,-4.8650201264491,-4.47187803663714
35.449863,-5.62563791822786,-5.23304647066999,-5.03150921271756,-4.8283984438781,-4.43686283860706
35.549863,-5.59985640103902,-5.20701554598015,-5.00383480144331,-4.79952263361448,-4.40967132444035
35.649863,-5.57300256373608,-5.17884238885438,-4.97654658561313,-4.77234617805655,-4.37893787173567
35.749863,-5.53856803088635,-5.15141943718235,-4.94741644339825,-4.74321977123329,-4.35237153350548
35.849863,-5.51122412812109,-5.11718184999637,-4.91482208318878,-4.71049927645535,-4.32317609205074
35.949863,-5.47265780631147,-5.07597571182334,-4.87469513607806,-4.67023838475205,-4.28505261472755
36.049863,-5.42223046083625,-5.02635365871859,-4.82446986618485,-4.61987441575554,-4.23104704558817
36.149863,-5.36345545387342,-4.97147522714327,-4.76948410346959,-4.56619278048374,-4.1757120069365
36.249863,-5.30299582887422,-4.90922581776097,-4.70597097201786,-4.50466062099295,-4.11358772135887
36.349863,-5.24168185610273,-4.84955742971196,-4.64725931165398,-4.44420935158564,-4.05239683134096
36.449863,-5.20182171971174,-4.8101487766461,-4.60690797559108,-4.40250191150256,-4.01357580390922
36.549863,-5.18368740575438,-4.79137344692024,-4.58845230903792,-4.38392211869681,-3.99298237959143
36.649863,-5.19123272423156,-4.79577273461704,-4.59405280999754,-4.38835106205622,-4.00014506003387
36.749863,-5.19546774610806,-4.80642590696409,-4.60428939969521,-4.39825829135185,-4.01050404456843
36.849863,-5.20701691721477,-4.81992169142034,-4.61567686983434,-4.4114750068591,-4.02459968109427
36.949863,-5.21758321601052,-4.83058462092916,-4.62642782773901,-4.42187808162274,-4.03240953852539
37.049863,-5.23453155938958,-4.84539291038433,-4.6413649518752,-4.43730945422184,-4.04998470165963
37.149863,-5.24418763960242,-4.85251326740246,-4.64850681026118,-4.44417132165114,-4.05488431363122
37.249863,-5.24353213635084,-4.85346028597932,-4.65010485215548,-4.4453839123555,-4.05488029787871
37.349863,-5.24902294347715,-4.85719087747428,-4.6537859488446,-4.4520049314976,-4.05702154719604
37.449863,-5.26116364655302,-4.86792580574225,-4.66455411863588,-4.46040996674492,-4.06858234483301
37.549863,-5.28465216335683,-4.88895341112576,-4.68635577682092,-4.48266094892529,-4.09046321886713
37.649863,-5.31215393980669,-4.92077700826007,-4.71674930983506,-4.51255763142566,-4.12190668179187
37.749863,-5.33324887025219,-4.94434473625473,-4.7408270202124,-4.53774116919823,-4.14866176966653
37.849863,-5.35442994326836,-4.96374913610264,-4.75984755862108,-4.558446866085,-4.16475998756856
37.949863,-5.36090464685071,-4.97171832787995,-4.76886576964525,-4.56508269257709,-4.17120941662294
38.049863,-5.35519422387243,-4.9670096759514,-4.76482168231866,-4.56110714233889,-4.17046185916205
38.149863,-5.3623290329299,-4.97587271650812,-4.77251867784733,-4.5695115353298,-4.18137769050753
38.249863,-5.36576541926941,-4.97819880880967,-4.77548280691,-4.57227269780833,-4.18120883390101
38.349863,-5.36972636524256,-4.98112293322242,-4.77799929491687,-4.5747985162476,-4.18194736716946
38.449863,-5.36175742288548,-4.97791275713416,-4.77413537309813,-4.57023148671655,-4.17775245652442
38.549863,-5.3657648076115,-4.97664871134056,-4.77578126789286,-4.57049288101553,-4.1768490630943
38.649863,-5.35728471548321,-4.96778916450719,-4.76790290603124,-4.5638635054767,-4.16993747967004
38.749863,-5.33328080140778,-4.9420136352825,-4.73990488643859,-4.53605768336891,-4.14520677026104
38.849863,-5.31347077086363,-4.92390295058167,-4.71754679641839,-4.51675644402739,-4.12181920779239
38.949863,-5.29765252304944,-4.9055184302168,-4.70189575928839,-4.49994492916448,-4.10779227048228
39.049863,-5.29740772585667,-4.90610693118412,-4.7023773551666,-4.49812491327062,-4.10865667733269
39.149863,-5.28160076866673,-4.89005690413724,-4.68758162864256,-4.48242715233502,-4.08784915931692
39.249863,-5.2670846264087,-4.87517031579205,-4.66987912486939,-4.46688387195833,-4.07275051813801
39.349863,-5.24306878400008,-4.8526889164648,-4.64804499341153,-4.44462407049864,-4.0514112821174
39.449863,-5.21822051023464,-4.82685223686105,-4.62313396845356,-4.41817551135167,-4.02724221356706
39.549863,-5.190948932201,-4.79828373331245,-4.59473702816119,-4.39038209207862,-3.99906416309619
39.649863,-5.15482495264913,-4.76110499969563,-4.55769377130339,-4.35485317970221,-3.96288112665252
39.749863,-5.1250509022478,-4.73716491209441,-4.53381695268035,-4.32914083633389,-3.93844309347911
39.849863,-5.10883747836471,-4.72063061436843,-4.51798188351184,-4.31441383351266,-3.92286501013975
39.949863,-5.10788865796131,-4.72062307609543,-4.51803890067136,-4.3134052850639,-3.92591716056748
40.049863,-5.11249966556808,-4.72880101485346,-4.523966717307,-4.31976859370617,-3.93124578843542
40.149863,-5.14222744008112,-4.75161285223204,-4.54759367635252,-4.34352323924757,-3.95617668403199
40.249863,-5.16509711475761,-4.77661654870256,-4.5715160406442,-4.3667307757857,-3.980509758328
40.349863,-5.19309113795855,-4.80136247270557,-4.59763517511803,-4.39175410532543,-4.00423666484857
40.449863,-5.222216249049,-4.83246657101715,-4.62746752776546,-4.42127393484975,-4.03647532234632
40.549863,-5.25916926321238,-4.86483447971673,-4.66039096849553,-4.45643389792028,-4.06666737122762
40.649863,-5.28566601590442,-4.89379413966086,-4.68868463586807,-4.48395427795008,-4.0989185813623
40.749863,-5.29510084593045,-4.9025204357083,-4.69980080092962,-4.49161918057489,-4.10794837904455
40.849863,-5.29198279484446,-4.89653159737896,-4.69179672530246,-4.48780681505893,-4.09771918074448
40.949863,-5.28522085458045,-4.89061650766908,-4.68746246836244,-4.48286812826934,-4.09311213813016
41.049863,-5.2927600537923,-4.89394010327815,-4.69203617135373,-4.48570028934524,-4.0939197342231
41.149863,-5.3022698908958,-4.90754173838995,-4.70507958787098,-4.49901726230365,-4.10806708317764
41.249863,-5.31440813813831,-4.91917850056949,-4.71654141413731,-4.51051087066067,-4.11837062380757
41.349863,-5.32665105092496,-4.93300997165389,-4.73079074545303,-4.52325720353098,-4.13436972818128
41.449863,-5.33921954362844,-4.94490965354854,-4.74095940033655,-4.53491885913845,-4.1505597344491
41.549863,-5.34676884209681,-4.95604618622109,-4.7515763135921,-4.54654947279074,-4.15800826858526
41.649863,-5.33870380665423,-4.94926044692065,-4.74592098672497,-4.53820404524942,-4.14786425855847
41.749863,-5.3359835329343,-4.94364715562518,-4.74007799010294,-4.5345192785194,-4.14411981681555
41.849863,-5.3386529272096,-4.94736204058608,-4.74356790664617,-4.53727633279348,-4.14885385928433
41.949863,-5.34107343126636,-4.95159543959966,-4.74922324978216,-4.54251777720682,-4.15487569246033
42.049863,-5.36084287062272,-4.96467445865426,-4.76056812788799,-4.55590111496509,-4.16592911510206
42.149863,-5.37522477083286,-4.97888451347104,-4.77553542873563,-4.57188251691949,-4.18125941647328
42.249863,-5.39287778706154,-4.9947747360571,-4.79155832181145,-4.58752265866101,-4.20005887808505
42.349863,-5.40436134504636,-5.00212750079381,-4.7995703961757,-4.59481983266083,-4.20750409754032
42.449863,-5.38904114251897,-4.9976059414833,-4.79598080891658,-4.59110556927505,-4.20041277324646
42.549863,-5.39466160724361,-4.99801327047537,-4.7972868059739,-4.59163281764126,-4.2030806616073
42.649863,-5.37954315686115,-4.98648764178475,-4.78509539422998,-4.58073642051199,-4.1913061097542
42.749863,-5.35748615373196,-4.96685784409501,-4.76523828827265,-4.55908402814327,-4.16724549744239
42.849863,-5.33999719649015,-4.94567584500185,-4.74413771655107,-4.53784781667942,-4.14641643589602
42.949863,-5.31663264438286,-4.92533686931519,-4.72530582136438,-4.51847757878329,-4.12893960345803
43.049863,-5.31086994087554,-4.91505059030619,-4.71491419167474,-4.50775232607813,-4.11805519462309
43.149863,-5.29218615951206,-4.89915760686157,-4.69820486717469,-4.49306652669131,-4.10273226885757
43.249863,-5.27745530804292,-4.88424212507761,-4.6829892769401,-4.47952216825174,-4.08755841618471
43.349863,-5.27301345009092,-4.87841592324478,-4.67522025518566,-4.47300670241696,-4.07968127007851
43.449863,-5.27477458361656,-4.87915597304047,-4.67872398526644,-4.47572392888895,-4.08308679861367
43.549863,-5.27320248683036,-4.87593691765468,-4.674081291774,-4.47098273737601,-4.07776770804378
43.649863,-5.26939200837135,-4.87561683526675,-4.67544137826674,-4.47083777333026,-4.07798773975376
43.749863,-5.27442121743797,-4.87823528237151,-4.67558171749616,-4.47374509066825,-4.08057521696114
43.849863,-5.2781699737489,-4.88034224621,-4.68022420750045,-4.47703781499172,-4.081394204313
43.949863,-5.28541470927853,-4.88759015061069,-4.6880436598151,-4.48285484754431,-4.08970314294133
44.049863,-5.28802858763396,-4.89441319668338,-4.69537365534584,-4.49004150171508,-4.09521517553198
44.149863,-5.29373072649047,-4.90098346066039,-4.70170699201276,-4.49625316481341,-4.09886978403203
44.249863,-5.30599568389346,-4.91138111848447,-4.71491835010149,-4.50694225864865,-4.11126703399746
44.349863,-5.31161698953798,-4.91706220652446,-4.7177447582309,-4.51302335495564,-4.11820749311205
44.449863,-5.31231622044003,-4.91841991269505,-4.71867734236606,-4.51359765066369,-4.12144005583133
44.549863,-5.31257091867292,-4.91869503637316,-4.71704952637319,-4.51149032761209,-4.12157836440047
44.649863,-5.30445879413096,-4.91345860178513,-4.71018259142159,-4.50585381666286,-4.11513426036714
44.749863,-5.31427934505212,-4.92307741825883,-4.72047305069422,-4.51494968482383,-4.12595887072596
44.849863,-5.32382217822139,-4.93324014586249,-4.72879999585162,-4.52512470713153,-4.1318393103769
44.949863,-5.32564190405354,-4.93498156636017,-4.7326875485343,-4.52752902035777,-4.13268883859979
45.049863,-5.33420547438179,-4.9413263694872,-4.73947084466201,-4.53330370767199,-4.14058446702774
45.149863,-5.33520356298136,-4.94307967457779,-4.74010688361339,-4.53443289998571,-4.14382788827699
45.249863,-5.32646709211274,-4.93445964753387,-4.73156320775372,-4.52638370545374,-4.13245805573336
45.349863,-5.32177799710791,-4.92856796615836,-4.72496649703749,-4.51905335214006,-4.12702871677795
45.449863,-5.31717408977328,-4.92208428690715,-4.71970715628813,-4.51472213700365,-4.11983111788761
45.549863,-5.30713931640821,-4.91546378570749,-4.71294538115698,-4.50816235319235,-4.11510066620845
45.649863,-5.31229081136908,-4.92081767881882,-4.71642998986828,-4.51288979800564,-4.1236045208757
45.749863,-5.312884918925,-4.92263314547894,-4.71987504450528,-4.51613958311523,-4.12657688882673
45.849863,-5.32941617222807,-4.93690167360998,-4.73502257773157,-4.5311980440883,-4.14155197999091
45.949863,-5.35021347179277,-4.95532407910697,-4.75339606873485,-4.54985871437305,-4.15700460871177
46.049863,-5.36132592810492,-4.97144542915518,-4.76794779322132,-4.56292214901516,-4.16887635788862
46.149863,-5.37701231208003,-4.99073275525384,-4.78539824001072,-4.58038105952435,-4.18382804216084
46.249863,-5.38852446944667,-5.00035913940117,-4.79771844836393,-4.59373668518608,-4.1969491103956
46.349863,-5.39606950764757,-5.00648732744732,-4.80418061636545,-4.60039517033129,-4.20091137071735
46.449863,-5.3968813739207,-5.0078177537391,-4.80438272152543,-4.59877730168372,-4.2025080153864
46.549863,-5.38681813883574,-4.99993010411647,-4.79703667284656,-4.59317241948777,-4.19774181226003
46.649863,-5.37649967712655,-4.98920009841272,-4.78572121686778,-4.58273479437826,-4.18177608343436
46.749863,-5.36518929897955,-4.97685961836923,-4.77315836897396,-4.57121486818142,-4.17135777983505
46.849863,-5.335227133735,-4.94704708747294,-4.74310515742249,-4.54134251754519,-4.14393490901637
46.949863,-5.30670255757194,-4.91891529618725,-4.71550043388661,-4.51294094159366,-4.11867691172053
47.049863,-5.29033673246947,-4.90247327723087,-4.69812757320095,-4.49528035863179,-4.10470097644443
47.149863,-5.27769123489762,-4.89146102928386,-4.68601797985215,-4.48378180989789,-4.08822470740015
47.249863,-5.26755255158161,-4.87653157100785,-4.67085179601161,-4.46936863945172,-4.06891492843269
47.349863,-5.23696120848365,-4.84668562623274,-4.64230655859545,-4.43959250604245,-4.0382494433134
47.449863,-5.20184351653492,-4.81152794681577,-4.60971313560282,-4.40460120789339,-4.00796206698949
47.549863,-5.1739521521766,-4.78619164474549,-4.5834097382291,-4.37747050476981,-3.97937698376243
47.649863,-5.15197549876496,-4.7626431526927,-4.55898670366127,-4.35569818528635,-3.95894351677593
47.749863,-5.12241045805745,-4.73624887164703,-4.53299955515898,-4.3297795531045,-3.93179258693054
47.849863,-5.11743090937463,-4.72645741769251,-4.52395131920472,-4.32043421322489,-3.9229938307179
47.949863,-5.11365288150966,-4.72151977454646,-4.51629712165947,-4.31238388008139,-3.91771718382142
48.049863,-5.099150430297,-4.70354396920479,-4.50012064938804,-4.29419611522458,-3.89780753177353
48.149863,-5.07350802169386,-4.68265444344708,-4.47924340781132,-4.27416054038087,-3.87852947075789
48.249863,-5.06055920284124,-4.67089809406982,-4.46578242162744,-4.26334636616899,-3.86779590371876
48.349863,-5.05401148040108,-4.66172711383634,-4.45657143317486,-4.25384707725576,-3.86150572872456
48.449863,-5.03942353423041,-4.65157932337746,-4.44470197443341,-4.2409649798332,-3.84759495798465
48.549863,-5.0250134706646,-4.63603280527497,-4.4307243556043,-4.22564924776626,-3.83614363197205
48.649863,-5.01139549866936,-4.62075584014416,-4.41647461176091,-4.21177119165517,-3.8215083405638
48.749863,-5.0134325016898,-4.61849512136457,-4.41275999046945,-4.20982691513079,-3.81598447665774
48.849863,-5.01116223367024,-4.61725347282923,-4.41262424051338,-4.20839526364395,-3.81861595468979
48.949863,-5.00138590482957,-4.61230164111915,-4.40719737613544,-4.20451280513917,-3.81172961155482
49.049863,-5.00586639860508,-4.61855572218913,-4.41426779728913,-4.20882678971516,-3.81587877296909
49.149863,-5.01733575646592,-4.62631173468805,-4.42154955974081,-4.2174110417651,-3.82762228495912
49.249863,-5.02598478458665,-4.63620489923084,-4.4308279663402,-4.22729279320322,-3.83731197226356
49.349863,-5.01792707610311,-4.62891193486479,-4.4229914167228,-4.21756046879757,-3.82837373533928
49.449863,-5.00693236176346,-4.61815396809342,-4.41195329980017,-4.20794257547602,-3.82047533584816
49.549863,-4.98842430796422,-4.59863217227539,-4.39456075676463,-4.19089639195085,-3.8026117129569
49.649863,-4.96979396613905,-4.57795880005909,-4.37520605256607,-4.17112086090809,-3.78074525144848
49.749863,-4.95768165427631,-4.56138336613307,-4.35807922545225,-4.15405084218622,-3.76303287758741
49.849863,-4.95485892036127,-4.56260178125033,-4.3572860058339,-4.15444989048465,-3.76489244640864
49.949863,-4.95957678443318,-4.56601987193868,-4.36359358309669,-4.15997351470659,-3.76780628309805
50.049863,-4.96043311260867,-4.57058876506375,-4.36543075074454,-4.16262792441106,-3.77107045486162
50.149863,-4.96333945714215,-4.56987001027322,-4.3646753488831,-4.16225431318623,-3.76925147196842
50.249863,-4.97226939601517,-4.58160666073498,-4.37499846178004,-4.172627590714,-3.77868839576784
50.349863,-4.9924050805047,-4.60202850518099,-4.39731120819566,-4.19369509518864,-3.80248837931139
50.449863,-5.01307408843465,-4.62132673947628,-4.41696605043294,-4.21236537822371,-3.82189810638376
50.549863,-5.02919573189173,-4.63493740488337,-4.43289204748372,-4.22635582448199,-3.83634371336091
50.649863,-5.06013170662691,-4.6646225749719,-4.4624636893965,-4.25721992999914,-3.86314631440246
50.749863,-5.09536819334999,-4.70096205713098,-4.49884162803136,-4.29386924898218,-3.90171141665903
50.849863,-5.14240684655237,-4.75034321531258,-4.54689050280232,-4.34205479098672,-3.94751074955569
50.949863,-5.17355715153488,-4.78174942029003,-4.57634391350779,-4.3727972449439,-3.97791386525759
51.049863,-5.20324845916422,-4.81255234585081,-4.60687995740771,-4.40402211051927,-4.01320935533617
51.149863,-5.26067324744946,-4.86801787241801,-4.66440544135657,-4.45930023312411,-4.06741488496836
51.249863,-5.3212724013581,-4.92914751744848,-4.72565810746227,-4.51972701192455,-4.12902325099855
51.349863,-5.38341144913454,-4.99416239513505,-4.79075842302246,-4.58536993904316,-4.19688913626936
51.449863,-5.46036173816574,-5.06864001051389,-4.86697755669709,-4.66148570759943,-4.26830088931795
51.549863,-5.52561024054467,-5.1323521983355,-4.93001604737108,-4.72490778713661,-4.33031480551108
51.649863,-5.56577159143664,-5.1712106661875,-4.96682673727933,-4.76357790837064,-4.36994300504342
51.749863,-5.587116165866,-5.19276450894264,-4.98874100503435,-4.78568864123176,-4.39262123023222
51.849863,-5.60617683501859,-5.21359860707159,-5.00999858206156,-4.80704866124911,-4.41447477956339
51.949863,-5.61187044739848,-5.21878251872755,-5.01423852973753,-4.81088719421413,-4.41638194810212
52.049863,-5.61003526761931,-5.21378277348753,-5.00986636433085,-4.80661818166915,-4.41211135579382
52.149863,-5.61995096234103,-5.22327887753192,-5.02165092089057,-4.8173668487062,-4.4236308683275
52.249863,-5.65262373709385,-5.25377914109848,-5.05371169525712,-4.85020132822912,-4.45785864095113
52.349863,-5.69633775460963,-5.30090018130457,-5.09995311748608,-4.89575633567591,-4.50195616251222
52.449863,-5.73368801662772,-5.33919252837709,-5.13808706572687,-4.93573455413365,-4.53938027793594
52.549863,-5.75206466148745,-5.35581157055542,-5.15456739857344,-4.95145093687689,-4.554249704106
52.649863,-5.76701680503752,-5.37114145172046,-5.16958613094003,-4.96766403927755,-4.57362046186147
52.749863,-5.80413613413772,-5.40837752476094,-5.20566930650651,-5.00349445029834,-4.60599107295395
52.849863,-5.82739932640354,-5.43595078077831,-5.23276180262326,-5.029644812235,-4.63564569481669
52.949863,-5.81401589314233,-5.41787528720986,-5.21693183968755,-5.01130386864457,-4.61669603603106
53.049863,-5.80440997139103,-5.4126240197381,-5.20956983365606,-5.00658957924348,-4.61475468957797
53.149863,-5.80242726773588,-5.41035173693966,-5.20767439422225,-5.00329922615718,-4.61039632482628
53.249863,-5.78633624976726,-5.39604099547285,-5.19197445284112,-4.98972128930635,-4.59761547926099
53.349863,-5.74669892016323,-5.35513007484144,-5.15263159549383,-4.94875242621052,-4.5570788868135
53.449863,-5.71422535994487,-5.32541725527305,-5.12366906093201,-4.92082624552736,-4.52755866218507
53.549863,-5.72008178803741,-5.3296883308198,-5.12624617774929,-4.92380290008085,-4.53197447424795
53.649863,-5.7147032882938,-5.32602019670916,-5.12155798334081,-4.92129162744407,-4.5244581005369
53.749863,-5.67989353474774,-5.29211535699861,-5.09030452685982,-4.88749165097132,-4.49251078934955
53.849863,-5.67036015571232,-5.28410256870445,-5.08160478941164,-4.87810735730763,-4.49031319881651
53.949863,-5.69166829540163,-5.30100266779667,-5.09656881173131,-4.8937156376818,-4.50706272746431
54.049863,-5.6658132610604,-5.27555622781439,-5.07218354389277,-4.86751635081592,-4.47965694673115
54.149863,-5.60648921432063,-5.21701926196359,-5.01331108482772,-4.8117898695929,-4.41845467719229
54.249863,-5.54847688288791,-5.16148637847319,-4.95773478314698,-4.75495619038305,-4.36206843222904
54.349863,-5.49497234424548,-5.10373472194283,-4.90071723881069,-4.69695753923974,-4.30309035509526
54.449863,-5.4337601689673,-5.0426366117317,-4.83954584171091,-4.6354154281226,-4.2407078285717
54.549863,-5.35760445034002,-4.96575215434755,-4.76359343038889,-4.55946171104383,-4.16505603678828
54.649863,-5.28079013966816,-4.88857477170187,-4.68391573688602,-4.48061100068739,-4.08766197659579
54.749863,-5.20639059473418,-4.81674874961845,-4.61372529087405,-4.4090364828314,-4.01700680704429
54.849863,-5.13359720753476,-4.74100732709601,-4.53685949079854,-4.33357404473611,-3.93754062789115
54.949863,-5.05932013347584,-4.66798024557282,-4.46321930645917,-4.26000937386519,-3.86707756609756
55.049863,-4.99714868354559,-4.60425192707031,-4.40146840338541,-4.19805454012502,-3.80730003561363
55.149863,-4.9669264404138,-4.5736657386258,-4.37033218697543,-4.166292000704,-3.77801293125077
55.249863,-4.94041091835453,-4.54662940682415,-4.34416701739831,-4.14105420741885,-3.74684117366102
55.349863,-4.9147161418217,-4.51960144879949,-4.31706574779697,-4.11372444261261,-3.72175846281263
55.449863,-4.8883654511747,-4.49327044402492,-4.29329117211107,-4.0887488483669,-3.69900254841841
55.549863,-4.87129928775877,-4.47607051897091,-4.27674368182065,-4.07295383770443,-3.68031339275396
55.649863,-4.87392911330762,-4.47751689387311,-4.27635589158907,-4.07100084637084,-3.68235620105974
55.749863,-4.91743345629132,-4.51751605723679,-4.31478586366171,-4.10870001851322,-3.72198887340296
55.849863,-4.95207925773939,-4.56097837947009,-4.35730624884775,-4.15272267020535,-3.76243428231284
55.949863,-4.77368916872569,-4.38265911551134,-4.17831641489321,-3.97342763529317,-3.58220242558859
56.049863,-4.64162947410698,-4.2497946984857,-4.0456532421386,-3.84203051705553,-3.44835254554064
56.149863,-4.52033399350823,-4.1289463141003,-3.92586153520333,-3.72245127179774,-3.33051404445577
56.249863,-4.41036943938186,-4.01637169339508,-3.81194707556385,-3.60882675858062,-3.21594938270354
56.349863,-4.31668579649696,-3.92416710354082,-3.72207658433221,-3.51766030492334,-3.12701586754652
56.449863,-4.23217252299677,-3.84289478132233,-3.63894520850816,-3.4330745876159,-3.04483670300302
56.549863,-4.15156934505647,-3.75836465247875,-3.55553360633046,-3.34908285479033,-2.95653022831459
56.649863,-4.08506267282307,-3.69102299844573,-3.48509132562984,-3.28016653926691,-2.88739841728038
56.749863,-4.03522100903328,-3.64176793157252,-3.43641048654359,-3.23177318378475,-2.84036818517644
56.849863,-4.00370977370293,-3.60903097696241,-3.40431843808742,-3.20091563652456,-2.80523968750269
56.949863,-3.95988864872641,-3.56426678928262,-3.35951739814577,-3.15583789626941,-2.7601942094044
57.049863,-3.91552067152998,-3.52015730777218,-3.31631800401502,-3.11145027465443,-2.71652431194057
57.149863,-3.88829881907065,-3.49569040585969,-3.28968036237777,-3.08655554206653,-2.68952090806009
57.249863,-3.87611554091138,-3.47967991985103,-3.27472230236237,-3.07249796975118,-2.67764402380233
57.349863,-3.84637044005307,-3.45172194541603,-3.24489826031291,-3.04333969513012,-2.65427936929596
57.449863,-3.81695174913298,-3.42491188529359,-3.21862446749685,-3.01483733942216,-2.62445994815472
57.549863,-3.81665285012637,-3.42295730046622,-3.21689563749269,-3.01410870694727,-2.62085169361718
57.649863,-3.81374610533344,-3.4252137860499,-3.21842039445462,-3.01640935848652,-2.62673098004887
57.749863,-3.8184528774071,-3.42661367049249,-3.22021380821209,-3.01744381355547,-2.62629615155178
57.849863,-3.82268717048577,-3.43162740652946,-3.2247844883851,-3.02289222484037,-2.63158251079452
57.949863,-3.83976350116413,-3.45028310809693,-3.24539901788896,-3.0428660646177,-2.64881465267214
58.049863,-3.86948794265821,-3.47812305128664,-3.27386334923128,-3.07052979560933,-2.67913628007136
58.149863,-3.91126873682591,-3.52005891190276,-3.31619480393375,-3.11242040144152,-2.71672505601853
58.249863,-3.94842252601422,-3.55724546795602,-3.3540013142193,-3.15081549637794,-2.76142137004546
58.349863,-3.97714158211951,-3.58522359081843,-3.37912545637667,-3.17679732053599,-2.78439319776124
58.449863,-3.9843614925342,-3.59106691050655,-3.38742642967255,-3.1837117518529,-2.79135715616046
58.549863,-4.02062307672043,-3.62725795559868,-3.42306951676007,-3.2199045746589,-2.82828054598724
58.649863,-4.06762418638183,-3.67700242607759,-3.4732511254989,-3.26841738588042,-2.8740484349036
58.749863,-4.09700938700345,-3.70130870683755,-3.50026471831829,-3.29536081363913,-2.90391572275545
58.849863,-4.11156369297559,-3.71725923340272,-3.51529701944806,-3.31056327746114,-2.91533494753202
58.949863,-4.12387632382443,-3.73342829846337,-3.52950291334892,-3.32627753818383,-2.93523450466321
59.049863,-4.14185097061005,-3.75327614312416,-3.54976088016391,-3.34546223993946,-2.95355687437577
59.149863,-4.1788107197934,-3.78938083948079,-3.58830616320036,-3.38304759274692,-2.98889999332912
59.249863,-4.21985341368036,-3.8300864261567,-3.62794603216193,-3.42315578295328,-3.03050954012735
59.349863,-4.26312692433597,-3.87468364873515,-3.6706130020035,-3.46568604564339,-3.07255447031686
59.449863,-4.34202144949206,-3.95227877178904,-3.75005313790564,-3.54451325044372,-3.1517383489299
59.549863,-4.42230766687157,-4.02990404484193,-3.82660477588241,-3.62246397600961,-3.23103819196885
59.649863,-4.49205144065392,-4.10084326889398,-3.89731239716563,-3.69186084115167,-3.29624518540372
59.749863,-4.54377431339072,-4.15591743603827,-3.9517805543035,-3.74666869068022,-3.35777699299408
59.849863,-4.5957212307277,-4.20426849828643,-4.00206964491085,-3.79644127376113,-3.40629849970797
59.949863,-4.61950365291989,-4.23167111386814,-4.02895516315899,-3.82180246671574,-3.43309302595507
60.049863,-4.64805097727782,-4.25774921049748,-4.0534665884678,-3.84742420625396,-3.458163198133
60.149863,-4.66775149023188,-4.27874317463497,-4.07349168870045,-3.86707931747767,-3.47616073204203
60.249863,-4.69414311773188,-4.30654800844701,-4.10154207399819,-3.89846350047418,-3.5044711578851
60.349863,-4.74246549578833,-4.35352481579303,-4.1485258668213,-3.94429839352759,-3.55524070400541
60.449863,-4.7908498615073,-4.40465196663499,-4.19954097904232,-3.99459726453717,-3.60393989603635
60.549863,-4.83948862456623,-4.45220101390511,-4.24697587236916,-4.04027095920264,-3.64892972485311
60.649863,-4.87444031013306,-4.48990070972589,-4.28290673325005,-4.08016025953952,-3.68567683913257
60.749863,-4.94459827669516,-4.55644396605277,-4.35108163200411,-4.14612610965523,-3.75505371635398
60.849863,-5.01673071235086,-4.63077532598344,-4.42560671083669,-4.22225382309599,-3.82783360817579
60.949863,-5.0811696342888,-4.69306830897709,-4.48761365286067,-4.28408507153294,-3.89312082488802
61.049863,-5.13915440319847,-4.75137710502909,-4.54690000873045,-4.34306083278401,-3.95182999627432
61.149863,-5.21292670400133,-4.8269166650072,-4.62229992220686,-4.41938469961367,-4.02731355797498
61.249863,-5.28176392391377,-4.88792377270861,-4.68504864639405,-4.48097446215226,-4.08435990835662
61.349863,-5.32722288526881,-4.93344416309065,-4.73070398403596,-4.52831300339801,-4.13329993342196
61.449863,-5.34720563253271,-4.95263089006272,-4.75061655865877,-4.54721863825425,-4.15223568818423
61.549863,-5.3769256841367,-4.98692869667275,-4.78343250245673,-4.57977232493595,-4.18725800918521
61.649863,-5.41971573945865,-5.02644649352284,-4.82450406963502,-4.61975885166471,-4.22901573406182
61.749863,-5.44950922794956,-5.05809967583663,-4.85607864080922,-4.65120287939738,-4.25575901813093
61.849863,-5.46713274120946,-5.07667006091954,-4.87438953927194,-4.67078678531547,-4.27501104040517
61.949863,-5.48535368283275,-5.09708341330916,-4.89361482273917,-4.68822040498452,-4.29630158661784
62.049863,-5.50723586636797,-5.11949690238041,-4.9168569586791,-4.71225486810177,-4.31362042656945
62.149863,-5.51165650832556,-5.12410821514813,-4.92083288373801,-4.71648309620618,-4.31942987592007
62.249863,-5.51344017564549,-5.12125943664782,-4.91781245007877,-4.71410995374281,-4.31588852985107
62.349863,-5.52358108359283,-5.13349112513447,-4.93240331110446,-4.72732614449589,-4.331412026483
62.449863,-5.52576948156762,-5.13658120645261,-4.93420219126658,-4.72984687510184,-4.3330494336619
62.549863,-5.52784201450706,-5.13811991136695,-4.93614577228622,-4.72880077082977,-4.33457675470399
62.649863,-5.52584153635837,-5.13358602167023,-4.93073863491082,-4.72550444035948,-4.3273604760772
62.749863,-5.5367437008886,-5.14520392562446,-4.94150154146579,-4.73655853476933,-4.34074677827128
62.849863,-5.54922725324701,-5.15696012347588,-4.9545513639974,-4.74821013269867,-4.35491062959223
62.949863,-5.56074621071348,-5.17008389185261,-4.96718539676739,-4.76190421865043,-4.36872237895891
63.049863,-5.57008491053214,-5.17945686209145,-4.97486316400345,-4.76978677962264,-4.37764378952184
63.149863,-5.58547318617269,-5.19285768235135,-4.98896036015477,-4.78519333790019,-4.39120840641164
63.249863,-5.59979439061187,-5.20667598210265,-5.00299612011232,-4.79620475425348,-4.4042438394099
63.349863,-5.59777365306296,-5.20446156579435,-5.00171098751118,-4.79451289367773,-4.40769672618251
63.449863,-5.57836527609203,-5.19048256682738,-4.98706804257621,-4.78031135631659,-4.39155927989026
63.549863,-5.56726829049908,-5.17756700648687,-4.97326563942751,-4.76938428701242,-4.38119104112236
63.649863,-5.54861862504867,-5.15650935806219,-4.95481513745793,-4.74857181733056,-4.35938483674403
63.749863,-5.52654083509066,-5.13501145484245,-4.93171754329958,-4.72631815396151,-4.33526724039524
63.849863,-5.5079409864593,-5.11604169966599,-4.91470074597679,-4.70990903073691,-4.3179763188239
63.949863,-5.49798786548797,-5.10579537621448,-4.90292785342015,-4.69790480041958,-4.3054949515288
64.049863,-5.48230866387581,-5.09270276674427,-4.88931540450526,-4.68644537941452,-4.2949164850289
64.149863,-5.46662540434138,-5.07773193255851,-4.87400482132147,-4.67021943401861,-4.27773437271951
64.249863,-5.45672397588346,-5.0663245252866,-4.86223513493678,-4.65742974128007,-4.26356171093584
64.349863,-5.45779252552277,-5.06390049834514,-4.86036024177408,-4.65624989068322,-4.26499081553575
64.449863,-5.46246477341579,-5.07011631675372,-4.86577353355346,-4.66142336177342,-4.26789483878067
64.549863,-5.45191058197085,-5.05974395040786,-4.85351043324381,-4.64996648638835,-4.25608129196432
64.649863,-5.43284872062674,-5.0450564370242,-4.83786978540482,-4.63357486738766,-4.24219109827104
64.749863,-5.41522884788176,-5.02679176317959,-4.82018904032147,-4.61637508598636,-4.22314684122939
64.849863,-5.40740281416462,-5.01533180234999,-4.81008453680328,-4.60591573200849,-4.21443491515782
64.949863,-5.4073632738144,-5.01623526368193,-4.80836933602889,-4.60367581623651,-4.2136330546592
65.049863,-5.39282032095618,-5.00243715388728,-4.79617532122604,-4.59119403979455,-4.20003543761908
65.149863,-5.38923817624512,-4.99907085989364,-4.79341777852632,-4.58749856347391,-4.19997296140442
65.249863,-5.38608727439612,-4.99367839552072,-4.78788614088183,-4.58252994286604,-4.19373170876362
65.349863,-5.36691094462785,-4.97341553854223,-4.76760716305341,-4.56138066198564,-4.17079558737615
65.449863,-5.33505935870123,-4.94315073856979,-4.73676316893349,-4.53179496298339,-4.13773984301629
65.549863,-5.30518306779818,-4.90936221580349,-4.70629503861492,-4.49912862699973,-4.10808736219878
65.649863,-5.27221150233684,-4.87716281634359,-4.67435385485804,-4.46894739829124,-4.07898242875392
65.749863,-5.24350986477639,-4.85166743225234,-4.64891884945175,-4.4439869326379,-4.05218384821485
65.849863,-5.21533947702311,-4.82527968023028,-4.62175890327354,-4.41603484203107,-4.02248520992053
65.949863,-5.18879321208588,-4.79696549621013,-4.59176441219807,-4.38495882433526,-3.98822031723431
